review,rating
"–•–æ—á—É –ø–æ–±–ª–∞–≥–æ–¥–∞—Ä–∏—Ç—å –¥–æ–∫—Ç–æ—Ä–∞ –∑–∞ –∫–∞—á–µ—Å—Ç–≤–µ–Ω–Ω—É—é –∫–æ–Ω—Å—É–ª—å—Ç–∞—Ü–∏—é. –û–±—Ä–∞—Ç–∏–ª–∞—Å—å —Å –ø—Ä–æ–±–ª–µ–º–æ–π, —Ç—è–Ω—É—â–∞—è –±–æ–ª—å –≤ –æ–±–ª–∞—Å—Ç–∏ –ø–æ—è—Å–Ω–∏—Ü—ã. –†–µ—à–∏–ª–∞ –æ–±—Ä–∞—Ç–∏—Ç—å—Å—è –∫ –Ω–µ–≤—Ä–æ–ª–æ–≥—É –∑–∞ –∫–æ–Ω—Å—É–ª—å—Ç–∞—Ü–∏–µ–π. –ó–∞–ø–∏—Å–∞–ª–∞—Å—å –∫ –¥–æ–∫—Ç–æ—Ä—É –ö–∏—Ä–∏–ª—é–∫ –ï–≤–≥–µ–Ω–∏—é –í–ª–∞–¥–∏–º–∏—Ä–æ–≤–∏—á—É, –≤—Ä–∞—á –Ω–µ–≤—Ä–æ–ª–æ–≥ –æ—Å—Ç–µ–æ–ø–∞—Ç. –î–æ–∫—Ç–æ—Ä –æ—Å–º–æ—Ç—Ä–µ–ª, –ø—Ä–æ–ø–∞–ª—å–ø–∏—Ä–æ–≤–∞–ª –º–æ–∏ –±–æ–ª–µ–≤—ã–µ –∑–æ–Ω—ã. –î–∞–ª —Ä–µ–∫–æ–º–µ–Ω–¥–∞—Ü–∏–∏, –ø–æ–∫–∞ –Ω–∞–∑–Ω–∞—á–∏–ª —Ç–∞–±–ª–µ—Ç–∏—Ä–æ–≤–∞–Ω–Ω—É—é —Ç–µ—Ä–∞–ø–∏—é. –°–¥–µ–ª–∞—Ç—å –ú–†–¢ –∏ –≤–µ—Ä–Ω—É—Ç—å—Å—è –∫ –Ω–µ–º—É.",1
–Ø –ø–æ–±—ã–≤–∞–ª–∞ –≤ –∫–ª–∏–Ω–∏–∫–µ –ó–¥—Ä–∞–≤—Å—Ç–≤—É–π –Ω–∞ –º. –ë–µ–≥–æ–≤–æ–π –Ω–∞ –ø–µ—Ä–≤–∏—á–Ω–æ–º –ø—Ä–∏–µ–º–µ —É –≤—Ä–∞—á–∞ –æ—Ä—Ç–æ–ø–µ–¥–∞-—Ç—Ä–∞–≤–º–∞—Ç–æ–ª–æ–≥–∞ –ê—Ä–¥–∞—à–µ–≤–æ–π –ï–ª–µ–Ω—ã –ò–≥–æ—Ä–µ–≤–Ω—ã. –ù–∞—à–ª–∞ –≤—Ä–∞—á–∞ —á–µ—Ä–µ–∑ —Å–∞–π—Ç –°–±–µ—Ä–ó–¥–æ—Ä–æ–≤—å–µ. –û–±—Ä–∞—Ç–∏–ª–∞—Å—å —Å –∂–∞–ª–æ–±–∞–º–∏ –Ω–∞ –±–æ–ª–∏ –≤ –ø–æ—è—Å–Ω–∏—Ü–µ –∏ –≤ —Å—Ç–æ–ø–∞—Ö. –ü–æ–ª—É—á–∏–ª–∞ —Ä–µ–∫–æ–º–µ–Ω–¥–∞—Ü–∏–∏ –∫ –ª–µ—á–µ–Ω–∏—é: —É–∑–∏ –∏ —Å—É—Å—Ç–∞–≤–Ω–æ–π —Å–∫—Ä–∏–Ω–∏–Ω–≥. –ü—Ä–æ—à–ª–∞ —É–∑–∏ –∏ –º–Ω–µ —Å—Ä–∞–∑—É –Ω–∞–∑–Ω–∞—á–∏–ª–∏ –ª–µ–∫–∞—Ä—Å—Ç–≤–æ. –ü—Ä–∏–µ–º–æ–º –¥–æ–≤–æ–ª—å–Ω–∞.,1
"–ù–µ–¥–∞–≤–Ω–æ –º–Ω–µ –ø—Ä–∏—à–ª–æ—Å—å –æ–±—Ä–∞—Ç–∏—Ç—å—Å—è –∑–∞ –º–µ–¥–∏—Ü–∏–Ω—Å–∫–æ–π –ø–æ–º–æ—â—å—é. –ò —è –æ—á–µ–Ω—å –±–ª–∞–≥–æ–¥–∞—Ä–Ω–∞ –ò–≤–∞–Ω—É –í–∏–∫—Ç–æ—Ä–æ–≤–∏—á—É —ç—Ç–æ –¥–µ–π—Å—Ç–≤–∏—Ç–µ–ª—å–Ω–æ —Ö–æ—Ä–æ—à–∏–π –≤—Ä–∞—á. –° —Ä–µ–∑—É–ª—å—Ç–∞—Ç–∞–º–∏ –∞–Ω–∞–ª–∏–∑–æ–≤ –∏ –æ–±—Å–ª–µ–¥–æ–≤–∞–Ω–∏–π, –∫–æ—Ç–æ—Ä—ã–µ —É –º–µ–Ω—è –±—ã–ª–∏. –û–Ω —Å–º–æ–≥ –Ω–∞–∑–Ω–∞—á–∏—Ç—å —ç—Ñ—Ñ–µ–∫—Ç–∏–≤–Ω–æ–µ –ª–µ—á–µ–Ω–∏–µ, –æ–Ω–æ –µ—â–µ –ø—Ä–æ–¥–æ–ª–∂–∞–µ—Ç—Å—è –≤ –¥–∞–Ω–Ω—ã–π –º–æ–º–µ–Ω—Ç –∏ –¥–∞–µ—Ç –æ—Ç–ª–∏—á–Ω—ã–π —Ä–µ–∑—É–ª—å—Ç–∞—Ç. –ù–∞–¥–µ—é—Å—å –µ—â–µ –Ω–µ—Å–∫–æ–ª—å–∫–æ –¥–Ω–µ–π –∏ —Å –º–æ–∏–º –∑–¥–æ—Ä–æ–≤—å–µ–º –≤—Å–µ –Ω–∞–ª–∞–¥–∏—Ç—Å—è. –°–ø–∞—Å–∏–±–æ –±–æ–ª—å—à–æ–µ.",1
"–ü—Ä–æ—Ö–æ–¥–∏–ª–∞ –ª–µ—á–µ–Ω–∏–µ –≤ –∫–ª–∏–Ω–∏–∫–µ –Ω–∞ —é–≥–æ-–∑–∞–ø–∞–¥–Ω–æ–π –∏ —Å–µ–π—á–∞—Å –ø—Ä–æ–¥–æ–ª–∂–∞—é –Ω–∞–±–ª—é–¥–∞—Ç—å—Å—è —É –°–µ–±—è–∫–∏–Ω–∞ –Æ—Ä–∏—è –í–∞—Å–∏–ª—å–µ–≤–∏—á–∞
–ß—Ç–æ —Ö–æ—á—É —Å–∫–∞–∑–∞—Ç—å:–¥–æ–∫—Ç–æ—Ä –æ—á–µ–Ω—å –≥—Ä–∞–º–æ—Ç–Ω—ã–π –∏ –æ—á–µ–Ω—å –∑–Ω–∞—é—â–∏–π —Å–≤–æ—ë –¥–µ–ª–æ
–û—á–µ–Ω—å –≤–Ω–∏–º–∞—Ç–µ–ª—å–Ω—ã–π –≤—Ä–∞—á –∏ –æ—á–µ–Ω—å –ø—Ä–æ—Ñ–µ—Å—Å–∏–æ–Ω–∞–ª—å–Ω—ã–π
–°—Ä–∞–∑—É –≤—Å–µ –ø–æ–Ω—è–ª –∏ —Ä–∞—Å—Å–∫–∞–∑–∞–ª —á—Ç–æ –∏ –≥–¥–µ –±–µ—Å–ø–æ–∫–æ–∏—Ç –∏ –±–æ–ª–∏—Ç
–ü–æ—Å–ª–µ –Ω–∞–∑–Ω–∞—á–µ–Ω–Ω–æ–≥–æ –∏ –ø—Ä–æ–π–¥–µ–Ω–Ω–æ–≥–æ –ª–µ—á–µ–Ω–∏—è,–æ—Ç–ª–∏—á–Ω–æ —Å–µ–±—è —á—É–≤—Å—Ç–≤—É—é,–∂–∏–≤—É —Ç–µ–ø–µ—Ä—å –±–µ–∑ –±–æ–ª–µ–π
–Ø –æ—á–µ–Ω—å –±–ª–∞–≥–æ–¥–∞—Ä–Ω–∞ –Æ—Ä–∏—é –í–∞—Å–∏–ª—å–µ–≤–∏—á—É,–≤–µ–¥—å —Ç–æ–ª—å–∫–æ –æ–Ω —Å–º–æ–≥ –∏–∑–±–∞–≤–∏—Ç—å –º–µ–Ω—è –æ—Ç –º–æ–µ–π –ø—Ä–æ–±–ª–µ–º—ã,–∫–æ—Ç–æ—Ä–∞—è —Å–∫–∞—á–∞–ª–∞ –º–µ–Ω—è –≥–æ–¥–∞–º–∏
–°–ø–∞—Å–∏–±–æ –¥–æ–∫—Ç–æ—Ä—É –∏ –∫—Ä–µ–ø–∫–æ–≥–æ –µ–º—É –∑–¥–æ—Ä–æ–≤—å—è!
–° —É–≤–∞–∂–µ–Ω–∏–µ–º –ï–≥–æ—Ä–æ–≤–∞ –° –ê",1
"–û–±—Ä–∞—â–∞–ª–∞—Å—å –≤ –ø–Ω–¥ –∑–∞ –ø–æ–º–æ—â—å—é, –ø–æ–ø–∞–ª–∞ –∫ —ç—Ç–æ–º—É –¥–æ–∫—Ç–æ—Ä—É. –í—Ä–∞—á –ø–æ–Ω—Ä–∞–≤–∏–ª–∞—Å—å, –≤–Ω–∏–º–∞—Ç–µ–ª—å–Ω–∞—è, –∑–∞–¥–∞–≤–∞–ª–∞ –º–Ω–æ–≥–æ –≤–æ–ø—Ä–æ—Å–æ–≤, –Ω–∞–∑–Ω–∞—á–∏–ª–∞ —Ö–æ—Ä–æ—à–µ–µ –ª–µ—á–µ–Ω–∏–µ.",1
"–î–µ–ª–∞–ª–∞ –∑–¥–µ—Å—å –∏–Ω—Ç–∏–º–Ω–æ–µ –æ–º–æ–ª–æ–∂–µ–Ω–∏–µ. –†–µ–∑—É–ª—å—Ç–∞—Ç –º–Ω–µ –ø–æ–Ω—Ä–∞–≤–∏–ª—Å—è. –ß—É–≤—Å—Ç–≤–∏—Ç–µ–ª—å–Ω–æ—Å—Ç—å, –∫–∞–∫ –∏ –¥–æ —Ä–æ–¥–æ–≤ –±—ã–ª–∞) –ü—Ä–∏ —ç—Ç–æ–º –≤—Å–µ –ø—Ä–æ—à–ª–æ –±–µ–∑ –±–æ–ª–∏. –û—Ç–º–µ—á—É —Ç–∞–∫–∂–µ –≥—Ä–∞–º–æ—Ç–Ω—ã–π –∏ –æ–±—â–∏—Ç–µ–ª—å–Ω—ã–π –ø–µ—Ä—Å–æ–Ω–∞–ª –∫–ª–∏–Ω–∏–∫–∏. –ù–∞ –ø—Ä–∏–µ–º —è –∑–∞–ø–∏—Å—ã–≤–∞–ª–∞—Å—å –∑–∞—Ä–∞–Ω–µ–µ –≤ —É–¥–æ–±–Ω–æ–µ –¥–ª—è —Å–µ–±—è –≤—Ä–µ–º—è.",1
"–°–≤–µ—Ç–ª–∞–Ω–∞ –°–µ—Ä–≥–µ–µ–≤–Ω–∞, —Å–ø–∞—Å–∏–±–æ –í–∞–º –æ–≥—Ä–æ–º–Ω–æ–µ! –Ø —Ç–µ–ø–µ—Ä—å —Ç–æ–ª—å–∫–æ –∫ –≤–∞–º! –ü—Ä–∏—à–ª–∞ –∫ –¥–∞–Ω–Ω–æ–º—É –≤—Ä–∞—á—É –Ω–∞ —á–∏—Å—Ç–∫—É –∑—É–±–æ–≤, —Ç–∞–∫ –∫–∞–∫ –≥–¥–µ –¥–æ —ç—Ç–æ–≥–æ –¥–µ–ª–∞–ª–∞ –º–Ω–µ –Ω–µ –æ—á–µ–Ω—å –ø–æ–Ω—Ä–∞–≤–∏–ª–æ—Å—å( –¥–æ–±—Ä–æ–º–µ–¥, –Ω–µ–æ- –î–µ–Ω—Ç). –î–∞–Ω–Ω—ã–π –≤—Ä–∞—á –æ—á–µ–Ω—å –≤–Ω–∏–º–∞—Ç–µ–ª—å–Ω–∞, –ø—Ä–æ—Ñ–µ—Å—Å–∏–æ–Ω–∞–ª—å–Ω–∞, –º–Ω–æ–≥–æ —ç–ø–∏—Ç–µ—Ç–æ–≤ –º–æ–∂–Ω–æ –ø–æ–¥–±–∏—Ä–∞—Ç—å) –¥–ª—è –¥–∞–Ω–Ω–æ–≥–æ –≤—Ä–∞—á–∞! –í—Å–µ –ø—Ä–æ—à–ª–æ –±–µ–∑–±–æ–ª–µ–∑–Ω–µ–Ω–Ω–æ, –±–µ–∑ –∫–∞–∫–∏—Ö –ª–∏–±–æ —Å–∫–æ–ª–æ–≤ –ó—É–±–æ–≤, –æ–¥–Ω–æ —É–¥–æ–≤–æ–ª—å—Å—Ç–≤–∏–µ! –£ –°–≤–µ—Ç–ª–∞–Ω—ã –°–µ—Ä–≥–µ–µ–≤–Ω—ã, —Å–≤–æ–∏ –µ—Å—Ç—å —Ñ–∏—à–∫–∏, –¥–ª—è —Ç–æ–≥–æ —á—Ç–æ–±—ã –∫–ª–∏–µ–Ω—Ç –ø—Ä–æ—Å—Ç–æ —Ä–∞—Å—Å–ª–∞–±–∏–ª—Å—è –∏ –ø–æ–ª—É—á–∞–ª —É–¥–æ–≤–æ–ª—å—Å—Ç–≤–∏–µ! –ü–æ—Å–ª–µ —ç—Ç–æ–≥–æ, –°–≤–µ—Ç–ª–∞–Ω–∞ –°–µ—Ä–≥–µ–µ–≤–Ω–∞, –ø—Ä–æ—Å—Ç–æ —Ä–∞—Å—Å–∫–∞–∑–∞–ª–∞ –º–Ω–µ –≤—Å–µ –º–æ–∏ –Ω—é–∞–Ω—Å—ã –≤ –∑—É–±–∞—Ö, —É–∫–∞–∑–∞–ª–∞ –Ω–∞ –ø—Ä–æ–±–ª–µ–º—ã, —É–≤–∏–¥–µ–ª–∞ —Ç–æ, —á—Ç–æ –¥—Ä—É–≥–∏–µ –≤—Ä–∞—á–∏ –Ω–µ –≤–∏–¥–µ–ª–∏! –Ø —Å—á–∏—Ç–∞—é —ç—Ç–æ –≤—ã—Å—à–∏–π –ø–∏–ª–æ—Ç–∞–∂!!! –ö–æ–Ω–µ—á–Ω–æ –∂–µ, –ø—Ä–∏—à–ª–∞ –∫ –Ω–µ–π –º–µ–Ω—è—Ç—å –ø–ª–æ–º–±—É —Å—Ç–∞—Ä—É—é –Ω–∞ –Ω–æ–≤—É—é, —Ç–∞–∫ –∫–∞–∫ –ø–æ–¥ –Ω–µ–π –±—ã–ª –∫–∞—Ä–∏–µ—Å, –∏ –ø—Ä–æ—Å—Ç–æ —è –æ–ø—è—Ç—å –∂–µ –±—ã–ª–∞ –≤ —à–æ–∫–µ, –æ—Ç —Ç–æ–≥–æ –∫–∞–∫ –¥–∞–Ω–Ω—ã–π –≤—Ä–∞—á —Ä–∞–±–æ—Ç–∞–µ—Ç —Å –∑—É–±–∞–º–∏ –∏ —Å–≤–æ–∏–º–∏ –º–µ–¥–∏—Ü–∏–Ω—Å–∫–∏–º–∏ –ø—Ä–∏—Å–ø–æ—Å–æ–±–ª–µ–Ω–∏—è–º–∏! –ì–ª–∞–≤–Ω–æ–µ, —á—Ç–æ –æ–Ω–∞ –≤—Å–µ –ø–æ–¥—Ä–æ–±–Ω–æ –æ–±—ä—è—Å–Ω—è–µ—Ç, —á—Ç–æ –±—É–¥–µ—Ç –¥–µ–ª–∞—Ç—å –∏ —Ç—ã –º–æ–∂–µ—à—å —Ä–µ–∞–ª—å–Ω–æ —É—Å–Ω—É—Ç—å!–≤–æ–æ–±—â–µ–º, —è –±–µ–∑—É–º–Ω–æ –¥–æ–≤–æ–ª—å–Ω–∞ –∏ –±–ª–∞–≥–æ–¥–∞—Ä–Ω–∞! –¢–∞–∫–∂–µ –∫ –Ω–µ–π –∑–∞–ø–∏—Å–∞–ª–∏—Å—å –º–æ–∏ –ø–æ–¥—Ä—É–≥–∏, –∞ –æ–Ω–∏ —É –º–µ–Ω—è –¥–æ—Ç–æ—à–Ω—ã–µ)) –∏ –æ–Ω–∏ —Ç–æ–∂–µ –æ—á–µ–Ω—å –¥–æ–≤–æ–ª—å–Ω—ã —Ä–∞–±–æ—Ç–æ–π! –°–ø–∞—Å–∏–±–æ –µ—â–µ —Ä–∞–∑,–°–≤–µ—Ç–ª–∞–Ω–∞ –°–µ—Ä–≥–µ–µ–≤–Ω–∞, –∑–∞ –≤–∞—à –ø—Ä–æ—Ñ–µ—Å—Å–∏–æ–Ω–∞–ª—å–Ω—ã–π —Ç—Ä—É–¥! –¢–µ–ø–µ—Ä—å —Ç–æ–ª—å–∫–æ –∫ –≤–∞–º!",1
"–ö  –Ø—Ä–æ—Å–ª–∞–≤—É –ò–≥–æ—Ä–µ–≤–∏—á—É  —à–ª–∏ —Ü–µ–ª–µ–Ω–∞–ø—Ä–∞–≤–ª–µ–Ω–Ω–æ –¥–ª—è –ø—Ä–æ–≤–µ–¥–µ–Ω–∏—è –º–∏–∫—Ä–æ- –¢–µ–∑–µ.  –ú—É–∂—É —Ä–µ–∫–æ–º–µ–Ω–¥–æ–≤–∞–ª–∏ –±–∏–æ–ø—Å–∏—é –∏–∑-–∑–∞ –∞–∑–æ–æ—Å–ø–µ—Ä–º–∏–∏, –∏ –º—ã –∏—Å–∫–∞–ª–∏ –ª—É—á—à–µ–≥–æ —Å–ø–µ—Ü–∏–∞–ª–∏—Å—Ç–∞.   –Ø—Ä–æ—Å–ª–∞–≤ –ò–≥–æ—Ä–µ–≤–∏—á –ø–æ–Ω—Ä–∞–≤–∏–ª—Å—è.  –ù–∏—á–µ–≥–æ –Ω–µ –æ–±–µ—â–∞–µ—Ç,  –∏ –Ω–µ –æ–±–Ω–∞–¥–µ–∂–∏–≤–∞–µ—Ç –±–µ–∑ –ø—Ä–∏—á–∏–Ω—ã.  –£ –Ω–∞—Å –±—ã–ª —Å–ª–æ–∂–Ω—ã–π —Å–ª—É—á–∞–π –∏ —Å–ø–µ—Ä–º–∏–∏ —É–¥–∞–ª–æ—Å—å –ø–æ–ª—É—á–∏—Ç—å —Ç–æ–ª—å–∫–æ –µ–¥–∏–Ω–∏—á–Ω—ã–µ. –ù–∞ –æ–ø–µ—Ä–∞—Ü–∏–∏ –ø—Ä–∏—Å—É—Ç—Å—Ç–≤–æ–≤–∞–ª–∞ —ç–º–±—Ä–∏–æ–ª–æ–≥, –∫–æ—Ç–æ—Ä–∞—è —Å—Ä–∞–∑—É –∑–∞–±—Ä–∞–ª–∞ —Å–ø–µ—Ä–º–∏–∏ –≤ —Ä–∞–±–æ—Ç—É –¥–ª—è ICSI. –í —ç—Ç–æ –≤—Ä–µ–º—è —É –º–µ–Ω—è –±—ã–ª–∞ –ø—É–Ω–∫—Ü–∏—è  –∏ –ø–æ–ª—É—á–µ–Ω–Ω—ã–µ –Ø–ö  –∫—É–ª—å—Ç–∏–≤–∏—Ä–æ–≤–∞–ª–∏ —Å—Ä–∞–∑—É, –±–µ–∑ –∑–∞–º–æ—Ä–æ–∑–∫–∏,—ç—Ç–æ —É–≤–µ–ª–∏—á–∏–ª–æ –Ω–∞—à–∏  —à–∞–Ω—Å—ã.–ü–æ–ª—É—á–∏–ª–æ—Å—å —Ü–µ–ª—ã—Ö  4 —ç–º–±—Ä–∏–æ–Ω–∞. –î–≤–∞ –∏–∑—Ä–∞—Å—Ö–æ–¥–æ–≤–∞–ª–∏ –Ω–∞ –≠–ö–û. –ü–æ—Å–ª–µ –≤—Ç–æ—Ä–æ–π –ø–æ–ø—ã—Ç–∫–∏ –ø–æ–ª—É—á–∏–ª–∞—Å—å –±–µ—Ä–µ–º–µ–Ω–Ω–æ—Å—Ç—å, –∞ –¥–≤–∞ –µ—â–µ –æ—Å—Ç–∞–ª–∏—Å—å –≤ –∫—Ä–∏–æ.  –ë—É–¥–µ–º –ø—Ä–æ–±–æ–≤–∞—Ç—å –µ—â–µ.",1
"–û–±—Ä–∞—â–∞–ª–∞—Å—å –∫ –ù–∏–Ω–µ –í–∞—Å–∏–ª—å–µ–≤–Ω–µ –≤ –∫–ª–∏–Ω–∏–∫—É –ï. –ú–∞–ª—ã—à–µ–≤–æ–π —Å –±–æ–ª—å—é –≤ —Å–ø–∏–Ω–µ –∏ –Ω–æ–≥–µ. –ü–æ—Å–ª–µ —Ç—â–∞—Ç–µ–ª—å–Ω–æ–≥–æ –æ—Å–º–æ—Ç—Ä–∞ –∏ –ø—Ä–æ—Å–º–æ—Ç—Ä–∞ –ú–†–¢ –¥–∏—Å–∫–æ–≤ —Ä–µ—à–∏–ª–∏ —Å–¥–µ–ª–∞—Ç—å –±–ª–æ–∫–∞–¥—É. –í—Å–µ –ø—Ä–æ—à–ª–æ –æ—Ç–ª–∏—á–Ω–æ.  –í —Ç–µ—á–µ–Ω–∏–µ 3 –Ω–µ–¥–µ–ª—å —ç—Ñ—Ñ–µ–∫—Ç –æ—Ç –±–ª–æ–∫–∞–¥—ã –¥–µ—Ä–∂–∏—Ç—Å—è. –ë–æ–ª—å –ø—Ä–∏—Å—É—Ç—Å—Ç–≤—É–µ—Ç, –Ω–æ –∫–∞–∫ —Å–ª–∞–±–æ–µ –ø–æ–¥–æ–±–∏–µ –ø—Ä–µ–∂–Ω–µ–π.  –í—Å–µ–º —Å–æ–≤–µ—Ç—É—é –æ–±—Ä–∞—â–∞—Ç—å—Å—è –∫ –ù–∏–Ω–µ –í–∞—Å–∏–ª—å–µ–≤–Ω–µ. –û—á–µ–Ω—å –æ—Ç–∑—ã–≤—á–∏–≤—ã–π –∏ –ø—Ä–æ—Ñ–µ—Å—Å–∏–æ–Ω–∞–ª—å–Ω—ã–π –≤—Ä–∞—á!",1
"–ú—ã –æ—Ç–≤—ã–∫–ª–∏ –æ—Ç —Ö–æ—Ä–æ—à–µ–≥–æ –æ–±—Å–ª—É–∂–∏–≤–∞–Ω–∏—è,—ç—Ç–æ –ø–ª–æ—Ö–æ. –ê —Ç–æ, —á—Ç–æ –¶–ê–ú –Ω–µ –¥–∞–µ—Ç –Ω–∞–º –∑–∞–±—ã—Ç—å –æ —Ç–æ–º, —á—Ç–æ –º–µ–¥–∏—Ü–∏–Ω–∞ –±—ã–≤–∞–µ—Ç –ø—Ä–µ–º–∏–∞–ª—å–Ω–æ–≥–æ —É—Ä–æ–≤–Ω—è, –∑–∞ —ç—Ç–æ –µ–º—É –æ—Ç–¥–µ–ª—å–Ω—ã–π –ø–æ–∫–ª–æ–Ω. –ü—Ä–æ—á–∏—Ç–∞–ª –æ—Ç–∑—ã–≤—ã, –∫–æ—Ç–æ—Ä—ã–µ –æ –Ω–µ–º –ø–∏—à—É—Ç, –ø–ª—é—Å—É—é—Å—å –∏ —Å–æ–≥–ª–∞—Å–µ–Ω —Å –∫–∞–∂–¥—ã–º. –û—á–µ–Ω—å –ø—Ä–æ—Ñ–µ—Å—Å–∏–æ–Ω–∞–ª—å–Ω—ã–µ –≤—Ä–∞—á–∏ –∏ –∫–ª–∏–Ω–∏–∫–∞, –∫–æ—Ç–æ—Ä–∞—è –∑–∞–±–æ—Ç–∏—Ç—Å—è –æ —Å–≤–æ–∏—Ö –ø–∞—Ü–∏–µ–Ω—Ç–∞—Ö. –ü—Ä–æ—à–ª–æ–π –∑–∏–º–æ–π –≤—ã–ª–µ—á–∏–ª–∏ –º–µ–Ω—è –æ—Ç –≤–æ—Å–ø–∞–ª–µ–Ω–∏—è –ª–µ–≥–∫–∏—Ö. –í–æ–≤—Ä–µ–º—è –º–µ–Ω—è —Å—é–¥–∞ –ø—Ä–∏–≤–µ–ª –¥—Ä—É–≥, –∞ —Ç–æ –≤–æ–∑–º–æ–∂–Ω–æ, —á—Ç–æ –∏ –Ω–µ –ø–∏—Å–∞–ª –±—ã —è —Å–µ–π—á–∞—Å —ç—Ç–æ—Ç –æ—Ç–∑—ã–≤‚Ä¶.",1
"–ø—Ä–µ–∫—Ä–∞—Å–Ω—ã–π –≤—Ä–∞—á-–≥—Ä–∞–º–æ—Ç–Ω—ã–π –≤–Ω–∏–º–∞—Ç–µ–ª—å–Ω—ã–π    –¥–æ–∫—Ç–æ—Ä, —Ö–æ–∂—É —Ç–æ–ª—å–∫–æ –∫ –Ω–µ–π —É–∂–µ –Ω–µ –ø–µ—Ä–≤—ã–π –≥–æ–¥,–æ—á–µ–Ω—å —Ä–∞–¥–∞, —á—Ç–æ –≤ –Ω–∞—à–µ–π –ø–æ–ª–∏–∫–ª–∏–Ω–∏–∫–µ –µ—Å—Ç—å —Ç–∞–∫–æ–π –¥–æ–∫—Ç–æ—Ä, –∑–∞–º–µ—á–∞—Ç–µ–ª—å–Ω—ã–π —á–µ–ª–æ–≤–µ–∫, —Å–ø–∞—Å–∏–±–æ –∑–∞ —Ç—Ä—É–¥ –∏ –∑–∞–±–æ—Ç—É,",1
–û—á–µ–Ω—å –ø—Ä–∏—è—Ç–Ω—ã–π –∏ –≥—Ä–∞–º–æ—Ç–Ω—ã–π –¥–æ–∫—Ç–æ—Ä!–ü–æ–º–æ–≥–ª–∞ —Ä–∞–∑–æ–±—Ä–∞—Ç—å—Å—è –≤ –º–æ–µ–π —Å–∏—Ç—É–∞—Ü–∏–∏.–†–µ–∫–æ–º–µ–Ω–¥—É—é –∫ –ø–æ—Å–µ—â–µ–Ω–∏—é.,1
"–û—Ç–∫—Ä—ã–ª–∞ –¥–ª—è —Å–µ–±—è –∑–¥–µ—Å—å –∞—ç—Ä–æ–∑–æ–ª—å—Ç–µ—Ä–∞–ø–∏—é, –∫–æ–≥–¥–∞ –±–æ–ª–µ–ª–∞ –æ–±—Å—Ç—Ä—É–∫—Ç–∏–≤–Ω—ã–º –±—Ä–æ–Ω—Ö–∏—Ç–æ–º. –ö–∞—à–µ–ª—å –±—ã–ª —É–∂–∞—Å–Ω—ã–π, –∞–∂ –∑–∞–¥—ã—Ö–∞–ª–∞—Å—å –≤—Ä–µ–º–µ–Ω–∞–º–∏. –¢–µ—Ä–∞–ø–µ–≤—Ç –ø–æ—Ä–µ–∫–æ–º–µ–Ω–¥–æ–≤–∞–ª–∞ –ø—Ä–æ–π—Ç–∏ –∫—É—Ä—Å –∞—ç—Ä–æ–∑–æ–ª—å–Ω–æ–≥–æ –≤–≤–µ–¥–µ–Ω–∏—è –ª–µ–∫–∞—Ä—Å—Ç–≤–µ–Ω–Ω—ã—Ö –ø—Ä–µ–ø–∞—Ä–∞—Ç–æ–≤. . –õ–µ–≥—á–µ —Å—Ç–∞–ª–æ –ø–æ—Å–ª–µ –ø–µ—Ä–≤–æ–≥–æ —Ä–∞–∑–∞, –∑–∞–º–µ—Ç–∏–ª–∞, —á—Ç–æ –∫–∞—à–µ–ª—å –∫–∞–∫-—Ç–æ —Ä–µ–∑–∫–æ —É—à–µ–ª –¥–∞–∂–µ. –ù–æ —è –ø—Ä–æ—à–ª–∞ –≤—Å–µ 5 —Å–µ–∞–Ω—Å–æ–≤, —á—Ç–æ–±—ã –±—ã–ª —Ä–µ–∑—É–ª—å—Ç–∞—Ç.",1
"–ë—Ä–µ–∫–µ—Ç—ã —Å—Ç–∞–ª–∞ –Ω–æ—Å–∏—Ç—å –∏–∑-–∑–∞ –Ω–µ–ø—Ä–∞–≤–∏–ª—å–Ω–æ–≥–æ –ø—Ä–∏–∫—É—Å–∞. –ó—É–±—ã –±—ã–ª–∏ –ø–æ–¥–≤–µ—Ä–∂–µ–Ω—ã –∫–∞—Ä–∏–µ—Å—É, –Ω–∞—á–∏–Ω–∞–ª–∏ —Å—Ç–∏—Ä–∞—Ç—å—Å—è. –ù–µ –º–æ–≥–ª–∞ —É–∂–µ –∏–≥–Ω–æ—Ä–∏—Ä–æ–≤–∞—Ç—å —ç—Ç—É –ø—Ä–æ–±–ª–µ–º—É. –õ–µ—á–∏–ª–∞—Å—å –≤ —ç—Ç–æ–π –∫–ª–∏–Ω–∏–∫–µ, —É—à–ª–æ –Ω–∞ –≤—Å–µ –ø—Ä–æ –≤—Å–µ 2 –≥–æ–¥–∞! –ù–æ –∑–∞—Ç–æ —Ç–µ–ø–µ—Ä—å —Å–æ –∑–¥–æ—Ä–æ–≤—å–µ–º –∏ —ç—Å—Ç–µ—Ç–∏–∫–æ–π –∑—É–±–æ–≤ –≤—Å–µ –≤ –ø–æ—Ä—è–¥–∫–µ. –°–ø–∞—Å–∏–±–æ!!",1
"–ö –ê–Ω–∞—Å—Ç–∞—Å–∏–∏ –ù–∏–∫–æ–ª–∞–µ–≤–Ω–µ –ø—Ä–∏—à–ª–∏ —Å –¥–∏–≥–Ω–æ–∑–æ–º —ç–Ω–¥–æ–º–µ—Ç—Ä–∏–æ–∑ –∏ –º–æ—Ä—Ñ–æ–ª–æ–≥–∏—è 1%. –ë—ã–ª–æ –≠–ö–û –≤ —Ä–æ–¥–Ω–æ–º –≥–æ—Ä–æ–¥–µ, –Ω–æ, –∫ –Ω–µ—Å—á–∞—Å—Ç—å—é, –∑–∞–≤–µ—Ä—à–∏–ª–æ—Å—å –∞–Ω—ç–º–±—Ä–∏–æ–Ω–∏–µ–π. –ê–Ω–∞—Å—Ç–∞—Å–∏—è –ù–∏–∫–æ–ª–∞–µ–≤–Ω–∞ –ø—Ä–æ–≤–æ–¥–∏–ª–∞ –Ω–∞–º –ø—Ä–æ—Ç–æ–∫–æ–ª –≠–ö–û. –î–æ–∫—Ç–æ—Ä –≤—Å—ë —á—ë—Ç–∫–æ —Å–ø–ª–∞–Ω–∏—Ä–æ–≤–∞–ª–∞ –∏ —Ä–∞—Å–ø–∏—Å–∞–ª–∞. –í—Ä–∞—á —Ä–µ–∞–ª—å–Ω–æ –≤–Ω–∏–∫–∞–µ—Ç –≤ —Å—É—Ç—å –ø—Ä–æ–±–ª–µ–º—ã –∏ –≤—Å–µ–º–∏ –≤–æ–∑–º–æ–∂–Ω—ã–º–∏ —Å–∏–ª–∞–º–∏ –ø—ã—Ç–∞–µ—Ç—Å—è –ø–æ–º–æ—á—å –ø–∞—Ü–∏–µ–Ω—Ç–∞–º. –°–µ–π—á–∞—Å 30 –Ω–µ–¥–µ–ª—å–∫–∞, –≤—Å—ë –ø—Ä–æ—Ç–µ–∫–∞–µ—Ç —Ö–æ—Ä–æ—à–æ) –°–ø–∞—Å–∏–±–æ –ê–Ω–∞—Å—Ç–∞—Å–∏–∏ –ù–∏–∫–æ–ª–∞–µ–≤–Ω–µ –∑–∞ –µ—ë –º–∞—Å—Ç–µ—Ä—Å—Ç–≤–æ!",1
"–ü–æ—Å–ª–µ –Ω–∞—Å—Ç—É–ø–ª–µ–Ω–∏—è –º–µ–Ω–æ–ø–∞—É–∑—ã –Ω–∞—á–∞–ª–∏—Å—å –ø—Ä–æ–±–ª–µ–º—ã –≤ —Å–µ–∫—Å—É–∞–ª—å–Ω–æ–π –∂–∏–∑–Ω–∏, –ø–æ—è–≤–∏–ª—Å—è –∑—É–¥ –∏ —Å—É—Ö–æ—Å—Ç—å. –¢–∞–∫ –∫–∞–∫ —Ç–µ–º–∞ –¥–µ–ª–∏–∫–∞—Ç–Ω–∞—è, –º–Ω–µ —Ö–æ—Ç–µ–ª–æ—Å—å —Å—Ä–∞–∑—É –ø–æ–ø–∞—Å—Ç—å –∫ —Ö–æ—Ä–æ—à–µ–º—É, –∑–Ω–∞—é—â–µ–º—É –≤—Ä–∞—á—É. –ü–æ–¥—Ä—É–≥–∞ –ø–æ—Å–æ–≤–µ—Ç–æ–≤–∞–ª–∞ –ê—Ä—É—Ç—é–Ω—è–Ω –î–∏–∞–Ω—É –Æ—Ä—å–µ–≤–Ω—É. –ü–æ–Ω—Ä–∞–≤–∏–ª–æ—Å—å, —á—Ç–æ –≤—Ä–∞—á —Å –±–æ–ª—å—à–∏–º –≤–Ω–∏–º–∞–Ω–∏–µ–º –æ—Ç–Ω–µ—Å–ª–∞—Å—å –∫ –º–æ–µ–π –ø—Ä–æ–±–ª–µ–º–µ, –ø–æ–¥–æ–±—Ä–∞–ª–∞ –ª–µ—á–µ–Ω–∏–µ –∏ –ø–æ—Ä–µ–∫–æ–º–µ–Ω–¥–æ–≤–∞–ª–∞ –ø–ª–∞–∑–º–æ–ª–∏—Ñ—Ç–∏–Ω–≥. –ü–æ–∫–∞ —á—Ç–æ —è –µ—â–µ –¥—É–º–∞—é –Ω–∞–¥ —ç—Ç–∏–º, –Ω–æ —Å—É–¥—è –ø–æ –æ—Ç–∑—ã–≤–∞–º, —ç—Ç–æ –æ—á–µ–Ω—å –¥–µ–π—Å—Ç–≤–µ–Ω–Ω–æ –∏ –±–µ–∑–±–æ–ª–µ–∑–Ω–µ–Ω–Ω–æ. –ù–∞ –ø–æ–≤—Ç–æ—Ä–Ω—ã–π –ø—Ä–∏–µ–º —á–µ—Ä–µ–∑ –º–µ—Å—è—Ü. –†–µ–∫–æ–º–µ–Ω–¥—É—é –¥–∞–Ω–Ω–æ–≥–æ —Å–ø–µ—Ü–∏–∞–ª–∏—Å—Ç–∞.",1
"–ë–æ—Ä–∏—Å–æ–≤–∞ –°–≤–µ—Ç–ª–∞–Ω–∞ –í–∞—Å–∏–ª—å–µ–≤–Ω–∞ - –æ—Ç–ª–∏—á–Ω—ã–π —Å–ø–µ—Ü–∏–∞–ª–∏—Å—Ç! –û–±—Ä–∞—â–∞–ª—Å—è –∫ –Ω–µ–π —Å —Å–∏–º–ø—Ç–æ–º–∞–º–∏ –û–†–í–ò –∏ –±–µ—Å–∫–æ–Ω–µ—á–Ω—ã–º –∫–∞—à–ª–µ–º, –∫–æ—Ç–æ—Ä—ã–π –Ω–∏–∫–∞–∫ –Ω–µ –∑–∞–∫–∞–Ω—á–∏–≤–∞–ª—Å—è. –ë—ã–ª–æ –æ—â—É—â–µ–Ω–∏–µ, —á—Ç–æ –≤–æ—Ç-–≤–æ—Ç —Å—Ç–∞–Ω–µ—Ç —Ö—É–∂–µ. –î–æ–∫—Ç–æ—Ä –≤–Ω–∏–º–∞—Ç–µ–ª—å–Ω–æ –º–µ–Ω—è –æ—Å–º–æ—Ç—Ä–µ–ª–∞ –∏ –ø—Ä–µ–¥–ª–æ–∂–∏–ª–∞ –ª—É—á—à–µ–µ –ª–µ—á–µ–Ω–∏–µ, –∫–æ—Ç–æ—Ä–æ–µ —É–∂–µ —á–µ—Ä–µ–∑ –Ω–µ–¥–µ–ª—é –ø–æ–ª–Ω–æ—Å—Ç—å—é –ø–æ—Å—Ç–∞–≤–∏–ª–æ –º–µ–Ω—è –Ω–∞ –Ω–æ–≥–∏! –ë–æ–ª—å—à–æ–µ –í–∞–º —Å–ø–∞—Å–∏–±–æ!",1
"–ë—ã–ª–∏ —É –≤—Ä–∞—á–∞ –ì–æ—Ä—à–∫–æ–≤–∞ –°—Ç–µ–ø–∞–Ω–∞ –í—è—á–µ—Å–ª–∞–≤–æ–≤–∏—á–∞, –¥–æ–∫—Ç–æ—Ä –æ—á–µ–Ω—å –≤–Ω–∏–º–∞—Ç–µ–ª—å–Ω–æ –≤—Å–µ –≤—ã—Å–ª—É—à–∞–ª –Ω–∞—Å. –û—á–µ–Ω—å –≥—Ä–∞–º–æ—Ç–Ω—ã–π —Ö–æ—Ä–æ—à–∏–π –¥–æ–∫—Ç–æ—Ä. –°–æ–≤–µ—Ç—É—é –≤—Å–µ–º. –°–∞–º–∞ –∫–ª–∏–Ω–∏–∫–∞ –≤ —Ü–µ–ª–æ–º —Ç–æ–∂–µ –æ—á–µ–Ω—å –æ–ø—Ä—è—Ç–Ω–∞—è, —á–∏—Å—Ç–æ, –≤—Å–µ –ø—Ä–∏–≤–µ—Ç–ª–∏–≤—ã–µ.",1
"–Ø–∫—É–±—Å–æ–Ω –í–∏–∫—Ç–æ—Ä –ú–∏—Ö–∞–π–ª–æ–≤–∏—á –æ—á–µ–Ω—å —Ç–∞–ª–∞–Ω—Ç–ª–∏–≤—ã–π –≤—Ä–∞—á. –ù–∞ –ø—Ä–∏–µ–º–µ 20.09 –±—ã–ª–æ –æ—á–µ–Ω—å –∫–æ–º—Ñ–æ—Ä—Ç–Ω–æ. –ß–µ–ª–æ–≤–µ–∫ —Å —é–º–æ—Ä–æ–º. –í–∏–¥–µ–æ, —á—Ç–æ –≤—Ä–∞—á –æ–ø—ã—Ç–Ω—ã–π.–£ –º–µ–Ω—è –±–æ–ª—å –≤ –ø–æ—è—Å–Ω–∏—Ü–µ, –ø—Ä–∏—à–ª–∞ —Å —ç—Ç–æ–π –ø—Ä–æ–±–ª–µ–º–æ–π. –ë—É–¥—É –¥–µ–ª–∞—Ç—å —Å—Ç–µ–ª—å–∫–∏, –ø—Ä–æ–π–¥—É —Ä–µ–∞–±–∏–ª–∏—Ç–∞—Ü–∏—é –ø–æ –ª–µ—á–µ–±–Ω–æ–π —Ñ–∏–∑–∫—É–ª—å—Ç—É—Ä–µ, —Å–¥–µ–ª–∞—é —É–∑–∏. –ë—É–¥—É –ª–µ—á–∏—Ç—å—Å—è —É –í–∏–∫—Ç–æ—Ä–∞ –ú–∏—Ö–∞–π–ª–æ–≤–∏—á–∞, –ø–æ—Ç–æ–º—É —á—Ç–æ –≤—ã–∑—ã–≤–∞–µ—Ç –¥–æ–≤–µ—Ä–∏–µ.",1
"–ü–æ–ø–∞–ª–∞ –ø–æ —Ä–µ–∫–æ–º–µ–Ω–¥–∞—Ü–∏–∏ –±–ª–∏–∑–∫–æ–π –ø–æ–¥—Ä—É–≥–∏ –∫ –∫–æ—Å–º–µ—Ç–æ–ª–æ–≥—É-–¥–µ—Ä–º–∞—Ç–æ–ª–æ–≥—É –§–µ–¥–æ—Ç–æ–≤–æ–π –ö—Å–µ–Ω–∏–∏ –Æ—Ä—å–µ–≤–Ω–µ, –ø—Ä–æ—Å—Ç–æ –≤ –≤–æ—Å—Ç–æ—Ä–≥–µ –æ—Ç –ø—Ä–∏–µ–º–∞ –∏ –æ—Ç —Å–∞–º–æ–π –∫–ª–∏–Ω–∏–∫–∏ –≠—Å—Ç–µ—Ç–∏–∫–∞ –≥—Ä—É–ø–ø. –í—Å–µ –ø—Ä–æ–¥—É–º–∞–Ω–æ –¥–æ –º–µ–ª–æ—á–µ–π, –ø—Ä–æ—Å—Ç—Ä–∞–Ω—Å—Ç–≤–æ –æ—Ä–≥–∞–Ω–∏–∑–æ–≤–∞–Ω–æ –¥–ª—è —É–¥–æ–±—Å—Ç–≤–∞ –∫–ª–∏–µ–Ω—Ç–∞. –í –ø–æ–Ω–µ–¥–µ–ª—å–Ω–∏–∫ –∏–¥—É –Ω–∞ –ø–æ–≤—Ç–æ—Ä–Ω—ã–π –ø—Ä–∏–µ–º.",1
"–ö—Ä–∏—Å—Ç–∏–Ω–∞ –°–µ—Ä–≥–µ–µ–≤–Ω–∞ –ö–∞—è—à–µ–≤–∞ - –∑–∞–º–µ—á–∞—Ç–µ–ª—å–Ω—ã–π –≤—Ä–∞—á, –æ—á–µ–Ω—å –≤–Ω–∏–º–∞—Ç–µ–ª—å–Ω–æ –ø—Ä–∏—Å–ª—É—à–∏–≤–∞–µ—Ç—Å—è –∫ –º–æ–∏–º –∂–∞–ª–æ–±–∞–º, —Å–∞–º–æ–µ –≤–∞–∂–Ω–æ–µ, —á—Ç–æ –Ω–µ —Ä–µ–∫–æ–º–µ–Ω–¥–∞—Ü–∏–∏ —Ä–∞–±–æ—Ç–∞—é! –ü–æ—ç—Ç–æ–º—É —è —Ç–µ–ø–µ—Ä—å –ø–æ—á—Ç–∏ –ø—Ä—è–º–æ —Ö–æ–∂—É –∏ –Ω–µ –º—É—á–∞—é—Å—å –æ—Ç –±–æ–ª–µ–π. –ñ–µ–ª–∞—é –µ–π –∑–¥–æ—Ä–æ–≤—å—è –∏ —É—Å–ø–µ—Ö–æ–≤!
–ü—Ä–∏—à—ë–ª —è —Å –±–æ–ª—è—Ç –≤ —Å–ø–∏–Ω–µ, –≤ —Ç–∞–∑–æ–±–µ–¥—Ä–µ–Ω–Ω–æ–º —Å—É—Å—Ç–∞–≤–µ, –æ–Ω–µ–º–µ–Ω–∏–µ–º –Ω–æ–≥, –Ω–∞–∑–Ω–∞—á–∏–ª–∏ –º–Ω–µ –¥–µ–ª–∞—Ç—å –∫–∞–ø–µ–ª—å–Ω–∏—Ü—ã, —è –∏—Ö —Å—Ç–∞–≤–ª—é, –º–∞–Ω—É–∞–ª—å–Ω—É—é —Ç–µ—Ä–∞–ø–∏—é –¥–µ–ª–∞—é –∏ —Ä–µ—Ñ–ª–µ–∫—Å–æ—Ç–µ—Ä–∞–ø–∏—é, –∏–≥–æ–ª–∫–∏ —Å—Ç–∞–≤–∏—Ç—å –Ω–µ –±–æ–ª—å–Ω–æ, —Ö–æ—Ç—è —è —Ç–∞–∫ –¥—É–º–∞–ª. –î–∏–∞–≥–Ω–æ–∑ –º–Ω–µ –ø–æ—Å—Ç–∞–≤–∏–ª–∏, –ª–µ—á–µ–Ω–∏–µ —Ä–∞–±–æ—Ç–∞–µ—Ç, –∏ –∫–∞–∫ —Å–∫–∞–∑–∞–ª–∞ –º–µ–¥—Å–µ—Å—Ç—Ä–∞ - –¥–∞–∂–µ –Ω–µ –∑–∞—Å—ã–ø–∞—é –≤–æ –≤—Ä–µ–º—è —É–∫–æ–ª–æ–≤! –ö–æ–º–∞–Ω–¥–∞ –∑–¥–µ—Å—å –æ—á–µ–Ω—å —Å–æ–±—Ä–∞–Ω–Ω–∞—è –∏ —Ö–æ—Ä–æ—à–∞—è, –ø–æ—Ç—Ä—è—Å–∞—é—â–∏–π –ø–µ—Ä—Å–æ–Ω–∞–ª! –ú–Ω–µ –≤—Å–µ –æ–±—ä—è—Å–Ω—è—é—Ç —Ç—É—Ç –æ—á–µ–Ω—å –¥–æ—Å—Ç—É–ø–Ω–æ –∏ –ø—Ä–∏—è—Ç–Ω–æ –æ–±—â–∞—é—Ç—Å—è.",1
"–ù—Ä–∞–≤–∏—Ç—Å—è —ç—Ç–∞ –∫–ª–∏–Ω–∏–∫–∞ –∑–∞ —á–µ–ª–æ–≤–µ—á–Ω—ã–π –ø–æ–¥—Ö–æ–¥ –∫ –∫–ª–∏–µ–Ω—Ç–∞–º. –í—Ä–∞—á–∏ –¥–µ–π—Å—Ç–≤–∏—Ç–µ–ª—å–Ω–æ —Å—Ç–∞—Ä–∞—é—Ç—Å—è –ø–æ–º–æ—á—å, –ª–∏—à–Ω–µ–≥–æ –Ω–∏–∫–æ–≥–¥–∞ –º–Ω–µ –Ω–µ –Ω–∞–≤—è–∑—ã–≤–∞–ª–∏, –ø–æ–ª–Ω–æ—Å—Ç—å—é —Å–æ–∑–¥–∞–µ—Ç—Å—è –≤–ø–µ—á–∞—Ç–ª–µ–Ω–∏–µ, —á—Ç–æ –≤ —Å–ª—É—á–∞–µ –Ω–µ–æ–±—Ö–æ–¥–∏–º–æ—Å—Ç–∏ –≤–µ—Ä–Ω–µ—à—å—Å—è –∏–º–µ–Ω–Ω–æ —Å—é–¥–∞, —ç—Ç–æ —Ä–∞–¥—É–µ—Ç) –¶–µ–Ω—ã, –∫—Å—Ç–∞—Ç–∏, –≤–ø–æ–ª–Ω–µ –¥–µ–º–æ–∫—Ä–∞—Ç–∏—á–Ω—ã–µ.",1
"–í—Ç–æ—Ä–æ–π —Ä–∞–∑ –ø—Ä–∏—à–ª–∞ –Ω–∞ –ø—Ä–∏–µ–º 20.09 –∫ –í–∏–∫—Ç–æ—Ä—É –ú–∏—Ö–∞–π–ª–æ–≤–∏—á—É, –æ—Ç–ª–∏—á–Ω—ã–π –≤—Ä–∞—á, –≤—ã–∑—ã–≤–∞–µ—Ç –¥–æ–≤–µ—Ä–∏–µ, —Å –Ω–∏–º –ø—Ä—è–º –ª–µ–≥–∫–æ, —á—É–≤—Å—Ç–≤—É–µ—Ç—Å—è –∏—Å–∫—Ä–µ–Ω–Ω–æ—Å—Ç—å —Å –µ–≥–æ —Å—Ç–æ—Ä–æ–Ω—ã. –ü—Ä–∏—à–ª–∞ —Å –±–æ–ª—å—é –≤ –∫–æ–ª–µ–Ω—è—Ö, –∞ —Ç–∞–∫–∂–µ —Å—Ç—É–ø–Ω–∏ –±–æ–ª—è—Ç, —Å–¥–µ–ª–∞–ª–∏ –±–ª–æ–∫–∞–¥—É, –∑–∞–∫–∞–∑–∞–ª–∏ —Å—Ä–∞–∑—É –∂–µ —Å—Ç–µ–ª—å–∫–∏, –£–ó–ò —Å–¥–µ–ª–∞–ª–∏. –£–¥–∏–≤–∏–ª–æ, —á—Ç–æ –≤—Å–µ —Ç–∞–∫ –±—ã—Å—Ç—Ä–æ, –¥—É–º–∞–ª–∞ –±—É–¥—É —Ö–æ–¥–∏—Ç—å —Å—é–¥–∞ –¥–æ–ª–≥–æ, –≤—Å–µ –æ—á–µ–Ω—å –æ–ø–µ—Ä–∞—Ç–∏–≤–Ω–æ. –ë—É–¥—É –ø—Ä–∏—Ö–æ–¥–∏—Ç—å —Å—é–¥–∞",1
"–°–ø–∞—Å–∏–±–æ –ú–∞–∫—Å–∏–º–∏–ª—å—è–Ω—É –í–ª–∞–¥–∏–º–∏—Ä–æ–≤–∏—á—É –∑–∞ –µ–≥–æ –ø—Ä–æ—Ñ–µ—Å—Å–∏–æ–Ω–∞–ª–∏–∑–º –∏ –±–µ–∑—É–ø—Ä–µ—á–Ω–æ –≤—ã–ø–æ–ª–Ω–µ–Ω–Ω—É—é –º–∞—Å—Ç–æ–ø–µ–∫—Å–∏—é! –û—á–µ–Ω—å –µ–º—É –±–ª–∞–≥–æ–¥–∞—Ä–Ω–∞. –•–∏—Ä—É—Ä–≥ —Å –∑–æ–ª–æ—Ç—ã–º–∏ —Ä—É–∫–∞–º–∏ , –¥–æ–±—Ä—ã–º —Å–µ—Ä–¥—Ü–µ–º. –ë–ª–∞–≥–æ–¥–∞—Ä–Ω–∞ !!!",1
"–ü—Ä–∏—Ö–æ–¥–∏–ª–∞ –≤ –∫–ª–∏–Ω–∏–∫—É –Ω–∞ –ø—Ä–æ—Ç–µ–∑–∏—Ä–æ–≤–∞–Ω–∏–µ. –û—Ç—Å—É—Ç—Å—Ç–≤–∏–µ –ø–µ—Ä–µ–¥–Ω–µ–≥–æ –∑—É–±–∞ —Å–Ω–∏–∑—É –ø—Ä–µ–¥—Å—Ç–∞–≤–ª—è–ª–æ –¥–ª—è –º–µ–Ω—è —Å–∏–ª—å–Ω—ã–π –¥–∏—Å–∫–æ–º—Ñ–æ—Ä—Ç, –æ—Å–æ–±–µ–Ω–Ω–æ –≤–æ –≤—Ä–µ–º—è —Ä–∞–∑–≥–æ–≤–æ—Ä–∞, —É–ª—ã–±–∞—Ç—å—Å—è –æ—á–µ–Ω—å —Å—Ç–µ—Å–Ω—è–ª–∞—Å—å. –ó–¥–µ—Å—å –º–Ω–µ –ø–æ—Å—Ç–∞–≤–∏–ª–∏ –∏–º–ø–ª–∞–Ω—Ç, –≤—Ä–∞—á –≤—Å—ë —Å–¥–µ–ª–∞–ª –∏–¥–µ–∞–ª—å–Ω–æ, –Ω–∞—Å—Ç–æ—è—â–∏–π –ø—Ä–æ—Ñ–∏ —Å–≤–æ–µ–≥–æ –¥–µ–ª–∞. –ü—Ä–∏–∂–∏–ª—Å—è –±—ã—Å—Ç—Ä–æ, —Ç–µ–ø–µ—Ä—å –ø–æ–ª–Ω—ã–π –ø–æ—Ä—è–¥–æ–∫. –û—Ç —Å–≤–æ–∏—Ö —Ä–æ–¥–Ω—ã—Ö –¥–∞–∂–µ —è –Ω–µ –æ—Ç–ª–∏—á–∞—é, –æ—Ç–ª–∏—á–Ω–∞—è —Ä–∞–±–æ—Ç–∞. –°–ø–∞—Å–∏–±–æ –±–æ–ª—å—à–æ–µ.",1
"–Ø —Å –¥–µ—Ç—Å—Ç–≤–∞ –∫–æ–º–ø–ª–µ–∫—Å–æ–≤–∞–ª–∞ –∏–∑-–∑–∞ –º–æ–∏—Ö –ø–µ—Ä–µ–¥–Ω–∏—Ö –∑—É–±–æ–≤. –ù–µ—Ä–æ–≤–Ω—ã–µ, —É–ª—ã–±–Ω—É—Ç—å—Å—è –¥–ª—è –º–µ–Ω—è –±—ã–ª–æ –Ω–∞—Å—Ç–æ—è—â–∏–º –∏—Å–ø—ã—Ç–∞–Ω–∏–µ–º. –í –∫–ª–∏–Ω–∏–∫—É —Ä–µ—à–∏–ª–∞—Å—å –ø–æ–π—Ç–∏, –ø–æ—Ç–æ–º—É —á—Ç–æ —É–∂–µ –∏ —ç–º–æ—Ü–∏–æ–Ω–∞–ª—å–Ω–æ–µ —Å–æ—Å—Ç–æ—è–Ω–∏–µ –Ω–µ –≤—ã–¥–µ—Ä–∂–∏–≤–∞–ª–æ. –í—Ä–∞—á –ø–æ—Ä–µ–∫–æ–º–µ–Ω–¥–æ–≤–∞–ª –Ω–æ—Å–∏—Ç—å —ç–ª–∞–π–Ω–µ—Ä—ã, –∫–æ–Ω—Å—Ç—Ä—É–∫—Ü–∏—é —Å–¥–µ–ª–∞–ª –≤ —Å–æ–æ—Ç–≤–µ—Ç—Å—Ç–≤–∏–∏ —Å –º–æ–∏–º–∏ –æ—Å–æ–±–µ–Ω–Ω–æ—Å—Ç—è–º–∏. –í—Ä–µ–º—è –¥–ª—è –º–µ–Ω—è –Ω–µ –∏–º–µ–µ—Ç –∑–Ω–∞—á–µ–Ω–∏–µ, –≥–ª–∞–≤–Ω–æ–µ —Ä–µ–∑—É–ª—å—Ç–∞—Ç. –û—á–µ–Ω—å —Ä–∞–¥–∞, —á—Ç–æ –Ω–∞–∫–æ–Ω–µ—Ü —Ç–æ —è –º–æ–≥—É –Ω–æ—Ä–º–∞–ª—å–Ω–æ, –∫—Ä–∞—Å–∏–≤–æ —É–ª—ã–±–∞—Ç—å—Å—è. –í—Å—ë –ø—Ä–∏—à–ª–æ –≤ –Ω–æ—Ä–º—É, –æ—á–µ–Ω—å —Ä–∞–¥–∞. –°–ø–∞—Å–∏–±–æ –≤–∞–º –∑–∞ –∫–∞—á–µ—Å—Ç–≤–æ —Ä–∞–±–æ—Ç—ã.",1
"–ü–æ—Å–ª–µ –º–Ω–æ–≥–æ—á–∏—Å–ª–µ–Ω–Ω—ã—Ö –æ–±—Å–ª–µ–¥–æ–≤–∞–Ω–∏–π –∏ –∫–æ–Ω—Å—É–ª—å—Ç–∞—Ü–∏–π, –º–Ω–µ –±—ã–ª–æ —Ä–µ–∫–æ–º–µ–Ω–¥–æ–≤–∞–Ω–æ –æ–±—Ä–∞—Ç–∏—Ç—å—Å—è –≤ –§–ì–ë–£ –ù–ú–ò–¶–û –§–ú–ë–ê –†–æ—Å—Å–∏–∏ —Å –¥–∏–∞–≥–Ω–æ–∑–æ–º –§–∏–±—Ä–æ–∑–Ω–∞—è –¥–∏—Å–ø–ª–∞–∑–∏—è –≤–µ—Ä—Ö–Ω–µ–π —á–µ–ª—é—Å—Ç–∏ —Å–ª–µ–≤–∞. –ó–∞–ø–∏—Å—å –±—ã–ª–∞ –Ω–∞–∑–Ω–∞—á–µ–Ω–∞ –∫ —á–µ–ª—é—Å—Ç–Ω–æ-–ª–∏—Ü–µ–≤–æ–º—É —Ö–∏—Ä—É—Ä–≥—É –ù–∞–∑–∞—Ä—è–Ω—É –î. –ù. 
–ü–æ—Å–ª–µ –∫–æ–Ω—Å—É–ª—å—Ç–∞—Ü–∏–∏, —É–∂–µ –Ω–∞ —Å–ª–µ–¥—É—é—â–∏–π –¥–µ–Ω—å –º–µ–Ω—è  –ø—Ä–æ–æ–ø–µ—Ä–∏—Ä–æ–≤–∞–ª–∏ (–≤–∑—è–ª–∏ –±–∏–æ–ø—Å–∏—é ). –û–ø–µ—Ä–∞—Ü–∏—è –ø—Ä–æ—à–ª–∞ —É—Å–ø–µ—à–Ω–æ, –ø–æ—Å–ª–µ–æ–ø–µ—Ä–∞—Ü–∏–æ–Ω–Ω—ã–π –ø–µ—Ä–∏–æ–¥ –ø—Ä–æ—à—ë–ª –ª–µ–≥–∫–æ.   –ó–∞–≤–µ–¥—É—é—â–µ–º—É –æ—Ç–¥–µ–ª–µ–Ω–∏–µ–º –ù–∞–∑–∞—Ä—è–Ω—É –î–∞–≤–∏–¥—É –ù–∞–∑–∞—Ä–µ—Ç–æ–≤–∏—á—É, –æ—Ä–¥–∏–Ω–∞—Ç–æ—Ä—É –í–∏–∫—Ç–æ—Ä–∏–∏ –û–ª–µ–≥–æ–≤–Ω–µ –∏ –≤—Å–µ–º—É –º–µ–¥–∏—Ü–∏–Ω—Å–∫–æ–º—É –ø–µ—Ä—Å–æ–Ω–∞–ª—É  —Ö–æ—á–µ—Ç—Å—è –≤—ã—Ä–∞–∑–∏—Ç—å –æ—Å–æ–±—É—é –±–ª–∞–≥–æ–¥–∞—Ä–Ω–æ—Å—Ç—å –∑–∞ –≤–Ω–∏–º–∞–Ω–∏–µ –∏ —á—É—Ç–∫–æ–µ –æ—Ç–Ω–æ—à–µ–Ω–∏–µ, –∞ —Ç–∞–∫–∂–µ –∑–∞ –ø—Ä–æ—Ñ–µ—Å—Å–∏–æ–Ω–∞–ª–∏–∑–º –∏ –ø—Ä–∏—è—Ç–Ω—É—é –∞—Ç–º–æ—Å—Ñ–µ—Ä—É –≤ –æ—Ç–¥–µ–ª–µ–Ω–∏–∏)",1
"–ù–∏—á–µ–≥–æ –ø–ª–æ—Ö–æ–≥–æ –æ –º–µ–¥. —Ü–µ–Ω—Ç—Ä–µ —Å–∫–∞–∑–∞—Ç—å –Ω–µ –º–æ–≥—É, –æ–±—Ä–∞—â–∞–ª—Å—è –º–Ω–æ–≥–æ —Ä–∞–∑ –∏ –Ω–µ —Ä–∞–∑—É –Ω–µ –ø–æ–¥–≤–µ–ª–∏.",1
"–ú–Ω–æ–≥–æ –ª–µ—Ç –∏—Å–∫–∞–ª–∞ —Ö–∏—Ä—É—Ä–≥–∞, –∫–æ—Ç–æ—Ä—ã–π –≤–æ–∑—å–º—ë—Ç—Å—è —Å–¥–µ–ª–∞—Ç—å —Ä–µ–∫–æ–Ω—Å—Ç—Ä—É–∫—Ü–∏—é –º–æ–µ–≥–æ –Ω–æ—Å–∞. –ù–µ –ø–æ–∂–∞–ª–µ–ª–∞ –Ω–∏ –Ω–∞ —Å–µ–∫—É–Ω–¥—É, —á—Ç–æ –≤—ã–±—Ä–∞–ª–∞ –†–∞—Ñ–∏–∫–∞ –ì—Ä–∏–≥–æ—Ä—å–µ–≤–∏—á–∞, —Ä—É–∫–∏ –∑–æ–ª–æ—Ç—ã–µ –æ—Ç –ë–æ–≥–∞. –û–≥—Ä–æ–º–Ω–∞—è –±–ª–∞–≥–æ–¥–∞—Ä–Ω–æ—Å—Ç—å –µ–º—É –∑–∞ –º–æ–π –ø—Ä–µ–∫—Ä–∞—Å–Ω—ã–π –Ω–æ—Åü•∞",1
"–ö –ò–≤–∞–Ω—É –í–∞—Å–∏–ª—å–µ–≤–∏—á—É —Ö–æ–∂—É —É–∂–µ –∫–∞–∫ –∫ –ª–∏—á–Ω–æ–º—É –≤—Ä–∞—á—É, –≤—Å–µ–≥–¥–∞ –≤—Å–µ –ø–æ–Ω—è—Ç–Ω–æ –æ–±—ä—è—Å–Ω–∏—Ç –∏ –ø–æ–º–æ–∂–µ—Ç",1
"–û–ø–µ—Ä–∏—Ä–æ–≤–∞–ª—Å—è –ø–æ –ø–æ–≤–æ–¥—É –≤–∞—Ä–∏–∫–æ–∑–∞ –Ω–∞ –ª–µ–≤–æ–π –Ω–æ–≥–µ —É –ë–∏—Ä—é–ª–∏–Ω–∞. –û–ø–µ—Ä–∞—Ü–∏—è —à–ª–∞ 40 –º–∏–Ω—É—Ç. –ß—É–≤—Å—Ç–≤—É–µ—Ç—Å—è –æ–ø—ã—Ç, —Ç.–∫. –≤—Å–µ –æ–ø–µ—Ä–∞—Ç–∏–≤–Ω–æ, —Ç–æ—á–Ω–æ, –±–µ–∑ –ª–∏—à–Ω–µ–π —Å—É–µ—Ç—ã. –ó–∞–ø–∞—è–Ω–Ω–∞—è –≤–µ–Ω–∞ –∏—Å—á–µ–∑–ª–∞ –∏–∑ –ø–æ–ª—è –≤–∏–¥–∏–º–æ—Å—Ç–∏ —Å—Ä–∞–∑—É –∂–µ. –ú–Ω–µ –¥–µ–ª–∞–ª–∏ –≠–í–õ–ö. –í—Å–µ –æ–∫.",1
"–ú–Ω–µ 58 –ª–µ—Ç, –º–æ–π –≤–∞—Ä–∏–∫–æ–∑ —Ä–æ—Å 35 –ª–µ—Ç —Å –º–æ–º–µ–Ω—Ç–∞ —Ä–æ–∂–¥–µ–Ω–∏—è —Å—Ç–∞—Ä—à–µ–≥–æ —Å—ã–Ω–∞. –¢—è–∂–µ—Å—Ç—å, –±–æ–ª–∏, –±–µ—Å–ø–æ–∫–æ–π—Å—Ç–≤–æ –≤ –Ω–æ–≥–∞—Ö –±—ã–ª–∏ –º–æ–∏–º–∏ –ø–æ—Å—Ç–æ—è–Ω–Ω—ã–º–∏ —Å–ø—É—Ç–Ω–∏–∫–∞–º–∏ –¥–æ –ø—Ä–æ–≤–µ–¥–µ–Ω–∏—è –æ–ø–µ—Ä–∞—Ü–∏–∏.  –û—á–µ–Ω—å —Ä–∞–¥–∞, —á—Ç–æ —Ä–µ—à–∏–ª–∞—Å—å –∏ –ø–æ–ø–∞–ª–∞ –∏–º–µ–Ω–Ω–æ –∫ –î–∏–Ω–µ –ò–≥–æ—Ä–µ–≤–Ω–µ. –û—á–µ–Ω—å –ø—Ä–∏—è—Ç–Ω–∞—è –¥–µ–≤—É—à–∫–∞, –æ—á–µ–Ω—å –≤–Ω–∏–º–∞—Ç–µ–ª—å–Ω–∞—è.  –ú–Ω–µ –±—ã–ª–∞ —Å–¥–µ–ª–∞–Ω–∞ –†–ß–ê –Ω–∞ –ª–µ–≤–æ–π –Ω–æ–≥–µ. –í—Å–µ –¥–ª–∏–ª–æ—Å—å –æ—Ç —Å–∏–ª—ã 50 –º–∏–Ω—É—Ç. –î–∞–ª–µ–µ –∫–æ–Ω—Ç—Ä–æ–ª—å–Ω—ã–µ –æ—Å–º–æ—Ç—Ä—ã, –∞ —Ç–µ–ø–µ—Ä—å –Ω–æ–≥–∞ –∞–±—Å–æ–ª—é—Ç–Ω–æ –∑–¥–æ—Ä–æ–≤–∞! –°–µ—Ä–¥–µ—á–Ω–æ –µ–µ –±–ª–∞–≥–æ–¥–∞—Ä—é –∑–∞ –≤—Å—ë!",1
"–î–µ–ª–∞–ª–∞ –ø–æ–¥—Ç—è–∂–∫—É –ª–±–∞ –∏ –±—Ä–æ–≤–µ–π —É –°—Ç—Ä–µ–ª–∏–Ω–∞ –°–≤—è—Ç–æ—Å–ª–∞–≤–∞, —Ä–µ–∑—É–ª—å—Ç–∞—Ç—ã –º–µ–Ω—è –ø–æ—Ä–∞–∑–∏–ª–∏. –ú–æ–∏ –≤–µ—Ä—Ö–Ω–∏–µ –≤–µ–∫–∏ –ø–æ–¥–Ω—è–ª–∏—Å—å, –º–æ–π –≤–∑–≥–ª—è–¥ —Å—Ç–∞–ª –±–æ–ª–µ–µ –æ—Ç–∫—Ä—ã—Ç—ã–º, —Å–ª–æ–≤–Ω–æ –º–æ–∏ –≥–ª–∞–∑–∞ —Å—Ç–∞–ª–∏ –±–æ–ª—å—à–µ. –ú–æ—Ä—â–∏–Ω—ã —É —É–≥–æ–ª–∫–æ–≤ –≥–ª–∞–∑ –∏—Å—á–µ–∑–ª–∏ –ø–æ–ª–Ω–æ—Å—Ç—å—é. –®–≤—ã —Å–æ–≤–µ—Ä—à–µ–Ω–Ω–æ –Ω–µ–≤–∏–¥–∏–º—ã, —Ç–∞–∫ –∫–∞–∫ –æ–Ω–∏ —Å–∫—Ä—ã—Ç—ã –∑–∞ –ª–∏–Ω–∏–µ–π —Ä–æ—Å—Ç–∞ –≤–æ–ª–æ—Å. –Ø –ø–æ—á—É–≤—Å—Ç–≤–æ–≤–∞–ª–∞ —É–≤–µ—Ä–µ–Ω–Ω–æ—Å—Ç—å –≤ —Å–≤–æ–µ–π –ø—Ä–∏–≤–ª–µ–∫–∞—Ç–µ–ª—å–Ω–æ—Å—Ç–∏ –∏ –¥–∞–∂–µ –æ—â—É—â–∞—é —Å–µ–±—è –º–æ–ª–æ–∂–µ.",1
"–ú–Ω–µ –Ω—É–∂–Ω–æ –±—ã–ª–æ —Ä–µ—à–∏—Ç—å –ø—Ä–æ–±–ª–µ–º—É –ø–∏–≥–º–µ–Ω—Ç–Ω—ã—Ö –ø—è—Ç–µ–Ω –Ω–∞ –ª–±—É –∏ –≤–∏—Å–æ—á–Ω–æ–π –æ–±–ª–∞—Å—Ç–∏. –ù–∞ –∫–æ–Ω—Å—É–ª—å—Ç–∞—Ü–∏–∏ —É –¥–æ–∫—Ç–æ—Ä–∞ –ì–∞—É—ç—Ä –õ—é–±–æ–≤—å –ù–∏–∫–æ–ª–∞–µ–≤–Ω—ã –º–Ω–µ –±—ã–ª–∞ –ø—Ä–µ–¥–ª–æ–∂–µ–Ω–∞ –ª–∞–∑–µ—Ä–Ω–∞—è —à–ª–∏—Ñ–æ–≤–∫–∞.  –ù–∞–∑–Ω–∞—á–∏–ª–∏ –ø—Ä–æ—Ü–µ–¥—É—Ä—É —á–µ—Ä–µ–∑ –¥–µ–Ω—å –ø–æ—Å–ª–µ –∫–æ–Ω—Å—É–ª—å—Ç–∞—Ü–∏–∏. –Ø –ø–æ–ª–Ω–æ—Å—Ç—å—é –¥–æ–≤–µ—Ä—è–ª–∞—Å—å –µ–µ –ø—Ä–æ—Ñ–µ—Å—Å–∏–æ–Ω–∞–ª–∏–∑–º—É, –æ—á–µ–Ω—å –ø–æ–¥—Ä–æ–±–Ω–æ –æ–±—ä—è—Å–Ω–∏–ª–∞ –ø–æ –ø–æ–≤–æ–¥—É –ø—Ä–æ—Ü–µ–¥—É—Ä—ã, —Ç–∞–∫ –∏ –∏—Å–ø–æ–ª—å–∑—É–µ–º–æ–µ –æ–±–æ—Ä—É–¥–æ–≤–∞–Ω–∏–µ. –≠—Ç–æ –±—ã–ª–∞ –º–æ—è –ø–µ—Ä–≤–∞—è –∫–æ—Å–º–µ—Ç–æ–ª–æ–≥–∏—á–µ—Å–∫–∞—è –ø—Ä–æ—Ü–µ–¥—É—Ä–∞, –≤—Å–µ –ø—Ä–æ—à–ª–æ –±–ª–∞–≥–æ–ø–æ–ª—É—á–Ω–æ.",1
"–ü—Ä–∏–≤–µ–ª–∞ –º–∞–º—É. –û—Å—Ç–∞–ª–∏—Å—å –¥–æ–≤–æ–ª—å–Ω—ã. –í—ã—Å–ª—É—à–∞–ª–∏ –≤—Å–µ –∂–∞–ª–æ–±—ã, –Ω–∞–∑–Ω–∞—á–∏–ª–∏ –æ–±—Å–ª–µ–¥–æ–≤–∞–Ω–∏—è –∏ –ø–µ—Ä–≤–æ–Ω–∞—á–∞–ª—å–Ω–æ–µ –ª–µ—á–µ–Ω–∏–µ –¥–æ —Ä–µ–∑—É–ª—å—Ç–∞—Ç–æ–≤ –æ–±—Å–ª–µ–¥–æ–≤–∞–Ω–∏—è. –ö –±–æ–ª—å—à–æ–º—É —Å–æ–∂–∞–ª–µ–Ω–∏—é, —Ö–æ–¥—è –∫ –ø–æ–ª–∏–∫–ª–∏–Ω–∏–∫—É –ø–æ –ø—Ä–æ–ø–∏—Å–∫–µ (‚Ññ146), —Ç–µ—Ä–∞–ø–µ–≤—Ç –Ω–µ –Ω–∞–∑–Ω–∞—á–∏–ª –Ω–∏—á–µ–≥–æ –ø—Ä–∏ –∂–∞–ª–æ–±–∞—Ö –Ω–∞ —Å–∏–ª—å–Ω–µ–π—à–∏–π –∫–∞—à–µ–ª—å –Ω–∞ –ø—Ä–æ—Ç—è–∂–µ–Ω–∏–∏ —Ç—Ä–µ—Ö –Ω–µ–¥–µ–ª—å.",1
"–ú—ã —Ö–æ–¥–∏–ª–∏ —Å —Ä–µ–±–µ–Ω–∫–æ–º –ø–æ –≤—Å–µ–º –Ω–µ–≤—Ä–æ–ª–æ–≥–∞–º –∏ –ø—Å–∏—Ö–∏–∞—Ç—Ä–∞–º, –ø–∏–ª–∏ –±–µ—Å–∫–æ–Ω–µ—á–Ω—ã–µ —Ñ–µ–Ω–∏–±—É—Ç—ã, —Å–æ–Ω–∞–ø–∞–∫—Å—ã –∏ –ø—Ä–æ—á–∏–µ —Ç–∞–±–ª–µ—Ç–∫–∏. –ù–∏–∫—Ç–æ –Ω–∞–º –Ω–µ –º–æ–≥ –ø–æ—Å—Ç–∞–≤–∏—Ç—å —Ç–æ—á–Ω—ã–π –¥–∏–∞–≥–Ω–æ–∑, —Ö–æ—Ç—è —è –≤–∏–¥–µ–ª–∞ –≤—Å–µ –ø—Ä–∏–∑–Ω–∞–∫–∏ –†–ê–°. –í —Å–∞–¥ –Ω–µ —Å–º–æ–≥ –ø–æ–π—Ç–∏, –æ—Ä–∞–ª –∫–∞–∫ —Ä–µ–∑–∞–Ω—ã–π, –∏ —è –ø—Ä–æ—Å—Ç–æ –±—ã–ª–∞ –≤ —Ç—É–ø–∏–∫–µ. –ë–ª–∞–≥–æ, –º—ã –ø–æ–ø–∞–ª–∏ –Ω–∞ –¥–∏–∞–≥–Ω–æ—Å—Ç–∏–∫—É –≤ –í—ã—à–µ —Ä–∞–¥—É–≥–∏. –¢–∞–º –Ω–∞–º –≤—Å–µ –ø—Ä–æ–±–ª–µ–º—ã –ï–≥–æ—Ä–∞ —Ä–∞–∑–ª–æ–∂–∏–ª–∏ –ø–æ –ø–æ–ª–æ—á–∫–∞–º, –ø–æ–¥—Ä–æ–±–Ω–æ —Ä–∞—Å–ø–∏—Å–∞–ª–∏ –ø–æ –∫–∞–∂–¥–æ–º—É –æ—Ç–∫–ª–æ–Ω–µ–Ω–∏—é –∏ –ø—Ä–µ–¥–ª–æ–∂–∏–ª–∏ –∑–∞–Ω—è—Ç–∏—è. –°–µ–π—á–∞—Å —É–∂–µ –≥–æ–¥, –∫–∞–∫ —Ö–æ–¥–∏–º, –º–Ω–æ–≥–æ–µ –∏–∑–º–µ–Ω–∏–ª–æ—Å—å –≤ –ª—É—á—à—É—é —Å—Ç–æ—Ä–æ–Ω—É, —Å —Å—ã–Ω–æ–º —Ä–∞–±–æ—Ç–∞—é—Ç –¥–µ—Ñ–µ–∫—Ç–æ–ª–æ–≥, –ø—Å–∏—Ö–æ–ª–æ–≥ –∏ –ª–æ–≥–æ–ø–µ–¥, –ø–æ—Å—Ç–æ—è–Ω–Ω–æ –∫–æ—Ä—Ä–µ–∫—Ç–∏—Ä—É—é—Ç –ø—Ä–æ–≥—Ä–∞–º–º—É, –¥–æ–±–∞–≤–ª—è—é—Ç —á—Ç–æ-—Ç–æ –Ω–æ–≤–æ–µ. –¢—É—Ç –º–æ—Ä–µ –º–µ—Ç–æ–¥–∏–∫ –∏ –≤–æ–∑–º–æ–∂–Ω–æ—Å—Ç–µ–π, —è –≤–∏–∂—É —Ö–æ—Ä–æ—à–∏–π –ø—Ä–æ–≥—Ä–µ—Å—Å. –ò –≤—Ä–∞—á–∏ —Å—Ç–∞–ª–∏ –±–æ–ª–µ–µ —É—Ç–µ—à–∏—Ç–µ–ª—å–Ω—ã–µ –ø—Ä–æ–≥–Ω–æ–∑—ã –¥–∞–≤–∞—Ç—å, —Å –ª–µ–∫–∞—Ä—Å—Ç–≤ –º—ã –¥–∞–≤–Ω–æ —É—à–ª–∏, —Ç–æ–ª—å–∫–æ –¥–ª—è —Å–Ω–∞ –Ω–∞ –Ω–æ—á—å –æ—Å—Ç–∞–≤–∏–ª–∏, –ø–æ–∫–∞ –µ—â–µ –ø—Ä–æ–±–ª–µ–º—ã —Å —ç—Ç–∏–º.",1
"–ü–æ–ª—Ç–æ—Ä–∞ –≥–æ–¥–∞ –Ω–∞–∑–∞–¥ –†–∞—Ñ–∏–∫ –ì—Ä–∏–≥–æ—Ä—å–µ–≤–∏—á –∏—Å–ø—Ä–∞–≤–ª—è–ª —Ä–∞–±–æ—Ç—É –¥—Ä—É–≥–æ–≥–æ —Ö–∏—Ä—É—Ä–≥–∞, –≤—ã–ø–æ–ª–Ω–∏–≤ —Ç—Ä–µ—Ç–∏—á–Ω—É—é —Ä–∏–Ω–æ–ø–ª–∞—Å—Ç–∏–∫—É  –∏ –∑–∞–æ–¥–Ω–æ –ø–æ—Å–æ–≤–µ—Ç–æ–≤–∞–ª –∏ –≤—ã–ø–æ–ª–Ω–∏–ª –º–Ω–µ –ø–æ–¥—Ç—è–∂–∫—É –ª–∏—Ü–∞,–∑–∞ —á—Ç–æ —è –µ–º—É –±–µ–∑–º–µ—Ä–Ω–æ –±–ª–∞–≥–æ–¥–∞—Ä–Ω–∞. –†–µ–∑—É–ª—å—Ç–∞—Ç –ø–æ—Ç—Ä—è—Å–∞—é—â–∏–π,–∏ —è —Å—á–∞—Å—Ç–ª–∏–≤–∞üòçüòçüòç –ù–∏–∫—Ç–æ,–≥–ª—è–¥—è –Ω–∞ –º–µ–Ω—è –Ω–∏ –∑–∞ —á—Ç–æ –Ω–µ –¥–æ–≥–∞–¥–∞–µ—Ç—Å—è,—Å–∫–æ–ª—å–∫–æ –º–Ω–µ –ª–µ—Ç –Ω–∞ —Å–∞–º–æ–º –¥–µ–ª–µ ( –∞ –≤—ã–≥–ª—è–∂—É —è,–±–ª–∞–≥–æ–¥–∞—Ä—è –º–æ–µ–º—É –ª—é–±–∏–º–æ–º—É –¥–æ–∫—Ç–æ—Ä—É –ª–µ—Ç –Ω–∞ 20 –º–æ–ª–æ–∂–µ üòä) –û—á–µ–Ω—å —Ä–µ–∫–æ–º–µ–Ω–¥—É—é —ç—Ç–æ–≥–æ —Ö–∏—Ä—É—Ä–≥–∞, —É –Ω–µ–≥–æ –∑–æ–ª–æ—Ç—ã–µ —Ä—É–∫–∏ –∏ –±–æ–ª—å—à–æ–µ —Å–µ—Ä–¥—Ü–µüíñüíñüíñ",1
"–ë–æ–ª—å—à–æ–µ —Å–ø–∞—Å–∏–±–æ –ò—Ä–∏–Ω–µ –í–ª–∞–¥–∏–º–∏—Ä–æ–≤–Ω–µ  –∑–∞ –≤–Ω–∏–º–∞—Ç–µ–ª—å–Ω–æ–µ –æ—Ç–Ω–æ—à–µ–Ω–∏–µ, –ø—Ä–æ—Ñ–µ—Å—Å–∏–æ–Ω–∞–ª–∏–∑–º –∏ –¥–æ–±—Ä–æ–∂–µ–ª–∞—Ç–µ–ª—å–Ω–æ—Å—Ç—å. 
–ù–∞ –ø—Ä–∏–µ–º–µ —á—É–≤—Å—Ç–≤–æ–≤–∞–ª–∞ —Å–µ–±—è –∫–æ–º—Ñ–æ—Ä—Ç–Ω–æ, –ø–æ–ª—É—á–∏–ª–∞ —Ä–∞—Å—à–∏—Ä–µ–Ω–Ω—É—é –∫–æ–Ω—Å—É–ª—å—Ç–∞—Ü–∏—é –ø–æ –≤—Å–µ–º –≤–æ–ø—Ä–æ—Å–∞–º. –û—á–µ–Ω—å –±–ª–∞–≥–æ–¥–∞—Ä–Ω–∞! –ü–æ–±–æ–ª—å—à–µ –±—ã —Ç–∞–∫–∏—Ö —á—É—Ç–∫–∏—Ö, –∫–≤–∞–ª–∏—Ñ–∏—Ü–∏—Ä–æ–≤–∞–Ω–Ω—ã—Ö  –∏ –Ω–µ—Ä–∞–≤–Ω–æ–¥—É—à–Ω—ã—Ö –≤—Ä–∞—á–µ–π!",1
"–í –∫–ª–∏–Ω–∏–∫–µ –º–Ω–µ –ø–æ–Ω—Ä–∞–≤–∏–ª–æ—Å—å –¥–æ–±—Ä–æ–∂–µ–ª–∞—Ç–µ–ª—å–Ω–æ–µ –æ—Ç–Ω–æ—à–µ–Ω–∏–µ –ø–µ—Ä—Å–æ–Ω–∞–ª–∞, –Ω–∞ —Ä–µ—Ü–µ–ø—à–Ω–µ –≤—Å—ë —Ä–∞–∑—ä—è—Å–Ω—è—é—Ç: –∫—É–¥–∞ –ø—Ä–æ–π—Ç–∏, —á—Ç–æ —Å–¥–µ–ª–∞—Ç—å. –ú–µ–¥—Å–µ—Å—Ç—Ä–∞ –≤–∑—è–ª–∞ –∫—Ä–æ–≤—å –∞–∫–∫—É—Ä–∞—Ç–Ω–æ –∏ —Å–æ–≤—Å–µ–º –Ω–µ –±–æ–ª—å–Ω–æ. –ì–æ—Ç–æ–≤–Ω–æ—Å—Ç—å –±—ã—Å—Ç—Ä–∞—è.",1
"–õ–∏–ø–æ—Ñ–∏–ª–∏–Ω–≥ —Å—Ç–∞–ª –º–æ–∏–º –≤—ã–±–æ—Ä –¥–ª—è —É–≤–µ–ª–∏—á–µ–Ω–∏—è –≥—Ä—É–¥–∏, –ó–ª–µ–Ω–∫–æ –æ—Ç–ª–∏—á–Ω–æ —Å–¥–µ–ª–∞–ª —Å–≤–æ—é —Ä–∞–±–æ—Ç—É, –æ—á–µ–Ω—å –¥–æ–≤–æ–ª—å–Ω–∞ –≤—ã–±–æ—Ä–æ–º –≤—Ä–∞—á–∞ –∏ –∫–æ–Ω–µ—á–Ω–æ —Ä–µ–∑—É–ª—å—Ç–∞—Ç–æ–º. –î–æ–±–∞–≤–∏–ª–∏ –æ–±—ä—ë–º–∞ –ø—Ä–∏ —ç—Ç–æ–º –ø–æ–ª–Ω–æ—Å—Ç—å—é —Å–æ—Ö—Ä–∞–Ω–∏–≤ –µ—Å—Ç–µ—Å—Ç–≤–µ–Ω–Ω–æ—Å—Ç—å.",1
–û—Å—Ç–∞–ª–∞—Å—å –¥–æ–≤–æ–ª—å–Ω–∞ –≥—Ä–∞–º–æ—Ç–Ω–æ–π —Ä–∞–±–æ—Ç–æ–π –¥–æ–∫—Ç–æ—Ä–æ–≤. –ó–∞ –∫–∞—á–µ—Å—Ç–≤–æ –æ–±—Å–ª—É–∂–∏–≤–∞–Ω–∏—è —Å—Ç–∞–≤–ª—é 5!,1
"–î–æ–∫—Ç–æ—Ä –®–º–∞—Ç–æ–≤ –ø—Ä–æ–≤–µ–ª –º–Ω–µ –ø—Ä–æ—Ü–µ–¥—É—Ä—É –ª–∞–∑–µ—Ä–Ω–æ–π –∏–º–ø–ª–∞–Ω—Ç–∞—Ü–∏–∏. –£–¥–∞–ª–µ–Ω–Ω—ã–π –∑—É–± –Ω–µ–æ–±—Ö–æ–¥–∏–º–æ –±—ã–ª–æ –∑–∞–º–µ–Ω–∏—Ç—å, —á—Ç–æ–±—ã –Ω–µ –ø–æ—à–ª–æ —Å–º–µ—â–µ–Ω–∏–µ –¥—Ä—É–≥–∏—Ö –∑—É–±–æ–≤. –ü–æ –ø–æ–∫–∞–∑–∞–Ω–∏—è–º –≤—ã–±—Ä–∞–ª –∏–º–µ–Ω–Ω–æ –ª–∞–∑–µ—Ä–Ω—É—é –∏–º–ø–ª–∞–Ω—Ç–∞—Ü–∏—é. –ö –¥–æ–∫—Ç–æ—Ä—É –ø—Ä–∏—à–µ–ª –ø–æ —Å–æ–≤–µ—Ç—É –∑–Ω–∞–∫–æ–º–æ–≥–æ. –£—Å—Ç–∞–Ω–æ–≤–∫–∞ –∏–º–ø–ª–∞–Ω—Ç–∞ –ø—Ä–æ—à–ª–∞ —à—Ç–∞—Ç–Ω–æ, –±–µ–∑ –∫–∞–∫–∏—Ö-–ª–∏–±–æ –ø—Ä–æ–±–ª–µ–º. –ë–æ–ª–∏ —è —á—É–≤—Å—Ç–≤–æ–≤–∞–ª, –≤–æ—Å—Å—Ç–∞–Ω–æ–≤–∏–ª—Å—è –±—ã—Å—Ç—Ä–æ. –ö–æ—Ä–æ–Ω–∫–∞ –Ω–∞ –∏–º–ø–ª–∞–Ω—Ç –∏–∑–≥–æ—Ç–æ–≤–ª–µ–Ω–∞ –∏–¥–µ–∞–ª—å–Ω–æ, –Ω–æ–≤—ã–π –∑—É–± –Ω–µ –≤—ã–±–∏–≤–∞–µ—Ç—Å—è –∏–∑ —Ä—è–¥–∞ –º–æ–∏—Ö –ø—Ä–∏—Ä–æ–¥–Ω—ã—Ö –∑—É–±–æ–≤. –°–ø–∞—Å–∏–±–æ.",1
"–õ—é–±–ª—é —ç—Ç—É —Å—Ç–æ–º–∞—Ç–æ–ª–æ–≥–∏—é. –°–≤–æ–∏ –∑—É–±—ã —É–∂–µ –Ω–µ—Å–∫–æ–ª—å–∫–æ –ª–µ—Ç –¥–æ–≤–µ—Ä—è—é —Ç–æ–ª—å–∫–æ –∏–º. –•–æ—Ä–æ—à–∏–µ —Å–ø–µ—Ü–∏–∞–ª–∏—Å—Ç—ã, –ª–µ—á–∞—Ç –±–µ—Ä–µ–∂–Ω–æ, –ø–æ –≤–æ–∑–º–æ–∂–Ω–æ—Å—Ç–∏ —Å—Ç–∞—Ä–∞—é—Ç—Å—è —Å–æ—Ö—Ä–∞–Ω–∏—Ç—å –Ω–µ—Ä–≤, –∑–∞ —á—Ç–æ —è –æ—á–µ–Ω—å –±–ª–∞–≥–æ–¥–∞—Ä–Ω–∞!",1
"–õ–µ—á–∏–ª–∏ –ø—É–ª—å–ø–∏—Ç, –∑—É–± –Ω–∞—Å—Ç–æ–ª—å–∫–æ –±—ã–ª —Ä–∞–∑—Ä—É—à–µ–Ω, —á—Ç–æ —Ä–µ—à–∞–ª—Å—è –≤–æ–ø—Ä–æ—Å –æ–± —É–¥–∞–ª–µ–Ω–∏–∏. –Ø –≤ –ø—Ä–∏–Ω—Ü–∏–ø–µ –Ω–∞ —ç—Ç–æ –∏–∑–Ω–∞—á–∞–ª—å–Ω–æ —Ä–∞—Å—Å—á–∏—Ç—ã–≤–∞–ª, –Ω–æ –ø–æ—Å–ª–µ —Ä–µ–Ω—Ç–≥–µ–Ω–∞, –≤—Ä–∞—á —Å–∫–∞–∑–∞–ª, —á—Ç–æ –≤–æ—Å—Å—Ç–∞–Ω–æ–≤–∏—Ç –µ–≥–æ –∏ –≤—ã–ª–µ—á–∏—Ç. –Ø –∫ —Å—Ç–æ–º–∞—Ç–æ–ª–æ–≥–∏—á–µ—Å–∫–æ–º—É –ª–µ—á–µ–Ω–∏—é –Ω–æ—Ä–º–∞–ª—å–Ω–æ –æ—Ç–Ω–æ—à—É—Å—å —Å –¥–µ—Ç—Å—Ç–≤–∞, –≥–ª–∞–≤–Ω–æ–µ –Ω–∞—Å—Ç—Ä–æ–∏—Ç—å—Å—è. –ê –∑–¥–µ—Å—å –∏ —Ç–æ–≥–æ –ø–æ–¥–∞–≤–Ω–æ, –≤—Å—ë –∫–æ–º—Ñ–æ—Ä—Ç–Ω–æ –∏ –±–µ–∑–±–æ–ª–µ–∑–Ω–µ–Ω–Ω–æ. –ò –Ω–µ —Å–º–æ—Ç—Ä—è –Ω–∞ —Ç–æ, —á—Ç–æ —Å–ª—É—á–∞–π —Ç—è–∂—ë–ª—ã–π –±—ã–ª –∏ –ø—Ä–∏—à–ª–æ—Å—å –ª–µ—á–∏—Ç—å –≤ –Ω–µ—Å–∫–æ–ª—å–∫–æ —ç—Ç–∞–ø–æ–≤, —Ä–µ–∑—É–ª—å—Ç–∞—Ç –ø—Ä–æ—Å—Ç–æ –æ—Ç–ª–∏—á–Ω—ã–π. –ì–ª–∞–≤–Ω–æ–µ, —á—Ç–æ –ø–ª–æ–º–±—É –≤—Ä–∞—á –ø–æ—Å—Ç–∞–≤–∏–ª —Ç–∞–∫—É—é, —á—Ç–æ —Ç–µ–ø–µ—Ä—å –∏ —Å–∫–æ–ª–∞ —Å–æ–≤—Å–µ–º –Ω–µ –≤–∏–¥–Ω–æ, –∏ –æ—á–µ–Ω—å —É–¥–æ–±–Ω–æ –∂–µ–≤–∞—Ç—å. –Ø –¥–æ–≤–æ–ª–µ–Ω –æ–±—Å–ª—É–∂–∏–≤–∞–Ω–∏–µ–º, –æ—Ç–ª–∏—á–Ω–æ –æ—Ä–≥–∞–Ω–∏–∑–æ–≤–∞–Ω–∞ —Ä–∞–±–æ—Ç–∞ —Å –∫–ª–∏–µ–Ω—Ç–∞–º–∏.",1
"–•–æ–∂—É —Å –±—Ä–µ–∫–µ—Ç–∞–º–∏ –ø–æ–ª–≥–æ–¥–∞, —É–∂–µ –∑–∞–º–µ—Ç–µ–Ω –ø–æ–ª–æ–∂–∏—Ç–µ–ª—å–Ω—ã–π —Ä–µ–∑—É–ª—å—Ç–∞—Ç. –ú–Ω–µ –æ—á–µ–Ω—å –ø–æ–Ω—Ä–∞–≤–∏–ª–æ—Å—å –æ—Ç–Ω–æ—à–µ–Ω–∏–µ —Å–ø–µ—Ü–∏–∞–ª–∏—Å—Ç–æ–≤ –∫ –ø–∞—Ü–∏–µ–Ω—Ç–∞–º –≤ —ç—Ç–æ–π –∫–ª–∏–Ω–∏–∫–µ, –±–æ–ª—å—à–æ–π —Å–ø–µ–∫—Ç—Ä —É—Å–ª—É–≥. –¶–µ–Ω—ã –Ω–∞ –Ω–∏—Ö –≤–ø–æ–ª–Ω–µ –æ–ø—Ä–∞–≤–¥—ã–≤–∞—é—Ç –∫–∞—á–µ—Å—Ç–≤–æ. –£ –º–µ–Ω—è —Ä–∞–∑–æ—á–∞—Ä–æ–≤–∞–Ω–∏—è –æ—Ç –æ–±—Ä–∞—â–µ–Ω–∏—è –≤ —ç—Ç—É –∫–ª–∏–Ω–∏–∫—É –ø–æ–∫–∞ –Ω–µ –≤–æ–∑–Ω–∏–∫–ª–æ.",1
"–ù–∞ –ø–∞—Ü–∏–µ–Ω—Ç–∞ –Ω–µ —Å–º–æ—Ç—Ä–∏—Ç –∏ –Ω–µ —Å–ª—ã—à–∏—Ç, –≤—Å–µ —á—Ç–æ –Ω–∞–ø–∏—Å–∞–Ω–æ –≤ –∫–∞—Ä—Ç–µ –ø–æ–ª–Ω–∞—è –ø—Ä–æ—Ñ–∞–Ω–∞—Ü–∏—è,–æ—Å–º–æ—Ç—Ä –Ω–µ –æ—Å—É—â–µ—Å—Ç–≤–ª—è–ª—Å—è, –ø–∞–ª—å–ø–∞—Ü–∏—è –Ω–µ –ø—Ä–æ–≤–æ–¥–∏–ª–∞—Å—å , –Ω–∞ –ø—Ä–æ—Å—å–±—É –¥–∞—Ç—å –Ω–∞–ø—Ä–∞–≤–ª–µ–Ω–∏–µ –Ω–∞ –æ–±—â–∏–π –∞–Ω–∞–ª–∏–∑ –∫—Ä–æ–≤–∏ –±—ã–ª–æ –º–æ–ª—á–∞ –≤—ã–¥–∞–Ω–æ –Ω–∞–ø—Ä–∞–≤–ª–µ–Ω–∏–µ —Ç–æ–ª—å–∫–æ –Ω–∞ –∫—Ä–µ–∞—Ç–∏–Ω–∏–Ω.‚òπÔ∏è",0
"–î–µ–ª–∞–ª–∞ –∞–Ω–∞–ª–∏–∑ –Ω–∞ –æ–ø—Ä–µ–¥–µ–ª–µ–Ω–∏–µ –ø–æ–ª–∞ –ø–ª–æ–¥–∞, –æ—Ç–≤–µ—Ç –æ–∫–∞–∑–∞–ª—Å—è –Ω–µ–≤–µ—Ä–Ω—ã–º, –ø–æ–≤–µ–ª–∞—Å—å –Ω–∞ –º–∞—Ä–∫–µ—Ç–∏–Ω–≥ , –≤—Å–µ –ª–∞–±–æ—Ä–∞—Ç–æ—Ä–∏–∏ –ø–∏—à—É—Ç, —á—Ç–æ –æ–ø—Ä–µ–¥–µ–ª—è—é—Ç —Å 10 –Ω–µ–¥–µ–ª–∏, –∑–¥–µ—Å—å –∂–µ —Å 8 –Ω–∞–ø–∏—Å–∞–Ω–æ, –≤–æ—Ç –∏ –ø–æ—à–ª–∞ –Ω–∞ 8 –Ω–µ–¥–µ–ª–∏. –ü–æ—Å–ª–µ 10 –≤ –¥—Ä—É–≥–æ–π –ª–∞–±–æ—Ä–∞—Ç–æ—Ä–∏–∏ –æ–ø—Ä–µ–¥–µ–ª–∏–ª–∏ –≤–µ—Ä–Ω–æ.",0
"–í—Ä–∞—á —Å —Å–∏–Ω–¥—Ä–æ–º–æ–º ¬´–±–æ–≥–∞¬ª, –Ω–∞–∑–Ω–∞—á–µ–Ω–∏—è–º–∏ –∫—É—á–∏ –Ω–µ–Ω—É–∂–Ω—ã—Ö –ª–µ–∫–∞—Ä—Å—Ç–≤, –∞–Ω—Ç–∏–±–∏–æ—Ç–∏–∫–æ–≤ –¥–ª—è –ø—Ä–æ—Ñ–∏–ª–∞–∫—Ç–∏–∫–∏.
–ö —ç—Ç–æ–º—É –∞–±—Å–æ–ª—é—Ç–Ω–æ —Ä–∞–≤–Ω–æ–¥—É—à–Ω–∞ –∫ –¥–µ—Ç—è–º, –≤ —Ö–∞–º—Å–∫–æ–π –º–∞–Ω–µ—Ä–µ –æ–±—â–∞–µ—Ç—Å—è —Å —Ä–æ–¥–∏—Ç–µ–ª—è–º–∏, —á—å–µ –º–Ω–µ–Ω–∏–µ –Ω–µ —Å—Ö–æ–¥–∏—Ç—Å—è —Å –µ–µ.
–ö—Ä–∞–π–Ω–µ –Ω–µ —Ä–µ–∫–æ–º–µ–Ω–¥—É—é.",0
"–û–±—Ä–∞—Ç–∏–ª–∞—Å—å –∫ —ç—Ç–æ–º—É –≥–æ—Ä–µ-—Å–ø–µ—Ü–∏–∞–ª–∏—Å—Ç—É –≤ —Ñ–µ–≤—Ä–∞–ª–µ 2022 –≥–æ–¥–∞. –í—Ä–∞—á –∞–±—Å–æ–ª—é—Ç–Ω–æ –Ω–µ–∫–æ–Ω—Ç–∞–∫—Ç–Ω—ã–π - –≤—Å—é –∏–Ω—Ñ–æ—Ä–º–∞—Ü–∏—é –ø—Ä–∏—Ö–æ–¥–∏–ª–æ—Å—å –∫–ª–µ—â–∞–º–∏ —Ç—è–Ω—É—Ç—å. –ù–∞ –≤–æ–ø—Ä–æ—Å—ã –Ω–µ –æ—Ç–≤–µ—á–∞–ª, –Ω–∏–∫–∞–∫–∏—Ö —Ä–µ–∫–æ–º–µ–Ω–¥–∞—Ü–∏–π –Ω–µ –¥–∞–ª, –∞–Ω–∞–º–Ω–µ–∑ –Ω–µ —Å–æ–±—Ä–∞–ª, –Ω–æ —Å–∞–º–æ–µ —É–∂–∞—Å–Ω–æ–µ, —á—Ç–æ –æ–Ω –Ω–∞–∑–Ω–∞—á–∏–ª –ª–µ–∫–∞—Ä—Å—Ç–≤–æ, –∫ –∫–æ—Ç–æ—Ä—ã–º—É —É –º–µ–Ω—è –±—ã–ª–∏ –æ—á–µ–Ω—å —Å–µ—Ä—å—ë–∑–Ω—ã–µ –ø—Ä–æ—Ç–∏–≤–æ–ø–æ–∫–∞–∑–∞–Ω–∏—è! –î–µ–ª–æ –∫–æ–Ω—á–∏–ª–æ—Å—å –≤—ã–∑–æ–≤–æ–º –Ω–µ–æ—Ç–ª–æ–∂–∫–∏. –ö —Å–æ–∂–∞–ª–µ–Ω–∏—é, –ø–æ—Ç–æ–º –ø—Ä–∏—à–ª–æ—Å—å –æ—á–µ–Ω—å –¥–æ–ª–≥–æ –∏ —É–ø–æ—Ä–Ω–æ –≤–æ—Å—Å—Ç–∞–Ω–∞–≤–ª–∏–≤–∞—Ç—å –∑–¥–æ—Ä–æ–≤—å–µ. –¢–∞–∫–æ–≥–æ ""—Å–ø–µ—Ü–∏–∞–ª–∏—Å—Ç–∞"" –∫ –ª—é–¥—è–º –≤–æ–æ–±—â–µ –ø–æ–¥–ø—É—Å–∫–∞—Ç—å –Ω–µ–ª—å–∑—è!",0
"–û–µ–º—É –ø–∞–ø–µ –±—ã–ª –ø–æ—Å—Ç–∞–≤–ª–µ–Ω –¥–∏–∞–≥–Ω–æ–∑ —Ä–∞–∫, –ø–∏—â–µ–≤–æ–¥–∞. 3 —Å—Ç–∞–¥–∏—è. –ë–µ–∑  –ø–æ—Ä–∞–∂–µ–Ω–∏—è –æ—Ä–≥–∞–Ω–æ–≤. –ë–µ–∑ –º–µ—Ç–∞—Å—å–∞–∑  . –≠—Ç–æ—Ç –¥–æ–∫—Ç–æ—Ä –ø—Ä–æ–≤—ë–ª –µ–º—É –æ–ø–µ—Ä–∞—Ü–∏—é –∏ –µ–≥–æ –≤—ã–ø–∏—Å–∞–ª–∏ —Å —Ç–µ–º–ø–µ—Ä–∞—Ç—É—Ä–æ–π. –°—Ç—é–∏—Å—Ç–µ–º–∞ —Ä—É–ª–∏—Ç. –≠—Ç–æ—Ç –¥–æ–∫—Ç–æ—Ä –Ω–æ–ª—å. –ï–º—É –æ–¥–∏–Ω –∫–∞—Ä—Ç –±–ª–∞–Ω–∫.",0
"–û—Ç–≤—Ä–∞—Ç–∏—Ç–µ–ª—å–Ω–æ–µ –æ—Ç–Ω–æ—à–µ–Ω–∏–µ –∫ –ø–æ–∂–∏–ª–æ–º—É –ø–∞—Ü–∏–µ–Ω—Ç—É  –∏ —Å–æ–ø—Ä–æ–≤–æ–∂–¥–∞—é—â–µ–º—É —Å–æ —Å—Ç–æ—Ä–æ–Ω—ã –ú–µ—á–µ—Ç–Ω–æ–≥–æ –ê–Ω—Ç–æ–Ω–∞ –Æ—Ä—å–µ–≤–∏—á–∞. –í—ã—Å–æ–∫–æ–º–µ—Ä–∏–µ, –≥—Ä—É–±–æ—Å—Ç—å –≤—ã—Ä–∞–∂–∞–ª–∞—Å—å –≤ –µ–≥–æ –≤–æ–ø—Ä–æ—Å–∞—Ö –∫ –±–æ–ª—å–Ω–æ–º—É –∏ –≤ —Ä–∞–∑–≥–æ–≤–æ—Ä–µ —Å —Å–æ–ø—Ä–æ–≤–æ–∂–¥–∞—é—â–∏–º. –ß–µ—Ä–µ–∑ –Ω–µ—Å–∫–æ–ª—å–∫–æ –º–∏–Ω—É—Ç –ø–æ—Å–ª–µ –Ω–∞—á–∞–ª–∞ –∫–æ–Ω—Å—É–ª—å—Ç–∞—Ü–∏–∏ –ø—Ä–∏—à–ª–æ—Å—å –ø–æ–∫–∏–Ω—É—Ç—å –∫–∞–±–∏–Ω–µ—Ç.",0
"–ü—Ä–∏—à–ª–∏ –Ω–∞ –ø—Ä–∏—ë–º –∫ –ñ–µ—Ä–¥–µ–≤—É –ö–æ–Ω—Å—Ç–∞–Ω—Ç–∏–Ω—É –í–ª–∞–¥–∏–º–∏—Ä–æ–≤–∏—á—É –∑–∞ 6000 —Ä—É–±–ª–µ–π
¬´–ü–æ–≥–æ–≤–æ—Ä–∏—Ç—å¬ª

–õ—ã—Å—ã–π –¥—è–¥—è –Ω–∞ –ø–æ–Ω—Ç–∞—Ö, –ø–æ–ª—É —Ä–∞–∑–≤–∞–ª–∏–≤—à–∏—Å—å –Ω–∞ —Å—Ç—É–ª–µ, –∫–∞–∫ —Ç–≤–æ—Ä–µ—Ü ¬´—Ö—É–¥–æ–∂–Ω–∏–∫¬ª –ø–æ—Å–º–æ—Ç—Ä–µ–ª –Ω–∞—à–∏ –±—É–º–∞–≥–∏, –∑–∞–≥–ª—è–Ω—É–ª –≤ –∫–æ–º–ø—å—é—Ç–µ—Ä (–ú–†–¢) –∏ –æ–ø—è—Ç—å —Ä–∞–∑–≤–∞–ª–∏–≤—à–∏—Å—å ‚Äì –≤—ã—Ç—è–Ω—É–≤ –Ω–æ–≥–∏, –∫–∞–∫ –ø–æ—ç—Ç –≥–ª—è–¥—è –≤ –ø–æ—Ç–æ–ª–æ–∫, —Å—Ç–∞–ª –Ω–∞–¥–∏–∫—Ç–æ–≤—ã–≤–∞—Ç—å —Å–≤–æ–µ–º—É –º–æ–ª–æ–¥–æ–º—É –∞—Å—Å–∏—Å—Ç–µ–Ω—Ç—É ¬´—Å–∏–º–ø–∞—Ç–∏—á–Ω–æ–º—É –ø–∞—Ä–Ω—é¬ª —Ä–µ–∑—É–ª—å—Ç–∞—Ç—ã –æ—Å–º–æ—Ç—Ä–∞ –∫–æ–ª–µ–Ω–∞ —É –Ω–∞—à–µ–≥–æ —Å—ã–Ω–∞.

–í –∏—Ç–æ–≥–µ –±—ã–ª –ø–æ–ª–Ω–æ—Å—Ç—å—é –Ω–∞–¥–∏–∫—Ç–æ–≤–∞–Ω —Ç–µ–∫—Å—Ç –¥–∏–∞–≥–Ω–æ–∑–∞ –Ω–∞–ø–∏—Å–∞–Ω–Ω—ã–π –Ω–∞–º –¥—Ä—É–≥–∏–º –¥–æ–∫—Ç–æ—Ä–æ–º –≥–æ–¥–æ–º —Ä–∞–Ω–µ–µ..

–ê —Å–µ–≥–æ–¥–Ω—è —É –¥—Ä—É–≥–æ–≥–æ –¥–æ–∫—Ç–æ—Ä–∞ –º—ã —É–≤–∏–¥–µ–ª–∏ –Ω–∞ –ú–†–¢ –≥–æ—Ä–∏–∑–æ–Ω—Ç–∞–ª—å–Ω—ã–µ –ø–æ–ª–æ—Å–∫–∏ –Ω–∞ –±–µ–¥—Ä–µ–Ω–Ω–æ–π –∫–æ—Å—Ç–∏ ‚Äì —á—Ç–æ –∫–∞–∫ –ø–æ–¥—Ç–≤–µ—Ä–¥–∏–ª —Ä–µ–Ω—Ç–≥–µ–Ω –≥–æ–≤–æ—Ä–∏—Ç –æ –Ω–∞—Ä—É—à–µ–Ω–∏–∏ –º–∏–Ω–µ—Ä–∞–ª–∏–∑–∞—Ü–∏–∏ –∫–æ—Å—Ç–µ–π.

–ö–ê–ö –î–û–ö–¢–û–† –ú–ï–î–ï–¶–ò–ù–°–ö–ò–• –ù–ê–£–ö –ù–ï –£–í–ò–î–ï–õ –¢–û, –ß–¢–û –í–ò–î–ï–¢ –ß–ï–õ–û–í–ï–ö –ë–ï–ó –ú–ï–î–ò–¶–ò–ù–°–ö–û–ì–û –û–ë–†–ê–ó–û–í–ê–ù–ò–Ø???!

+ –†–∞–∑–≥–æ–≤–∞—Ä–∏–≤–∞–µ—Ç –ø–æ —Ö–∞–º—Å–∫–∏ –≤—ã—Å–æ–∫–æ–º–µ—Ä–Ω–æ.

–í–´–í–û–î ‚Äì  –•–ê–ú  —Å –ù–ò–ó–ö–û–ô –ö–í–ê–õ–ò–§–ò–ö–ê–¶–ò–ï–ô",0
"–≠—Ç–æ –±—ã–ª–æ —Å–∞–º–æ–µ –∫–æ—Ä–æ—Ç–∫–æ–µ –£–ó–ò –≤ –º–æ–µ–π –∂–∏–∑–Ω–∏ –º–∏–Ω—É—Ç–∞ –∏–ª–∏ –¥–≤–µ. –ü—Ä–∏ —ç—Ç–æ–º –≤ –æ–ø–∏—Å–∞–Ω–∏–∏ –£–ó–ò –µ—Å—Ç—å –∏ –Ω–∞–¥–ø–æ—á–µ—á–Ω–∏–∫–∏ –∏ –ø–æ—á–∫–∏, —Ö–æ—Ç—è –∞–ø–ø–∞—Ä–∞—Ç–æ–º –≤ —ç—Ç–æ–π –∑–æ–Ω–µ –Ω–µ –ø—Ä–æ–≤–æ–¥–∏–ª–∏. –ü–æ –£–ó–ò –ú–∏—Ä–æ–Ω–æ–≤–æ–π –º–æ–∏ –æ—Ä–≥–∞–Ω—ã –∫–∞–∫ –Ω–æ–≤—ã–µ –ø—Ä–æ–±–ª–µ–º –Ω–µ—Ç. –î–ª—è –ø—Ä–∏–º–µ—Ä–∞: —è –∑–Ω–∞—é (–∏—Å—Ö–æ–¥—è –∏–∑ –º–æ–∏—Ö —Ä–∞–Ω–Ω–∏—Ö –£–ó–ò), —á—Ç–æ —Å—Ç–µ–Ω–∫–∏ –∂–µ–ª—á–Ω–æ–≥–æ —É —Ç–æ–ª—â–∏–Ω—ã –∏ –∏–º–µ–µ—Ç—Å—è —Ö–ª–æ–ø—å—è. –ù–æ –≤ —Ç–æ—Ç –¥–µ–Ω—å –±—ã–ª–∞ —É–¥–∏–≤–ª–µ–Ω–∞, —á—Ç–æ –º–æ–∏ –æ—Ä–≥–∞–Ω—ã —Å–∞–º–æ–≤–æ—Å—Å—Ç–∞–Ω–æ–≤–∏–ª–∏—Å—å. –ò –°–º–µ—Ö –∏ –≥—Ä–µ—Ö! –ü–æ–ø–∞–ª–∞ —è –Ω–∞ —ç—Ç–æ –£–ó–ò –ø–æ—Ç–æ–º—É —á—Ç–æ –±–µ—Å–ø–ª–∞—Ç–Ω–æ –Ω–∞–∑–Ω–∞—á–∏–ª–∏ –≤ –∫–ª–∏–Ω–∏–∫–µ –ë–ª–æ—Ö–∏–Ω–∞. –°—á–∏—Ç–∞—é –∑–∞–∫–ª—é—á–µ–Ω–∏–µ –Ω–µ–∫–æ–º–ø–µ—Ç–µ–Ω—Ç–Ω—ã–º –∏ –µ—ë —Ç–æ–∂–µ —Å—á–∏—Ç–∞—é –Ω–µ–∫–æ–º–ø–µ—Ç–µ–Ω—Ç–Ω–æ–π,  –¥–æ–∫—Ç–æ—Ä–æ–º –∏–ª–∏ –≤—Ä–∞—á–æ–º –¥–∞–∂–µ –Ω–µ —Ö–æ—á—É –Ω–∞–∑–≤–∞—Ç—å. –ë–µ—Å—Å–æ–≤–µ—Å—Ç–Ω–∞—è —Ä–∞–≤–Ω–æ–¥—É—à–Ω–∞—è –∂–µ–Ω—â–∏–Ω–∞. –ú–æ–∂–µ—Ç –±—ã—Ç—å –æ–Ω–∞ –∏ –≤—ã–ø–æ–ª–Ω—è–µ—Ç —Å–≤–æ—é —Ä–∞–±–æ—Ç—É –≤ –ø–æ–ª–Ω–æ–º –æ–±—ä—ë–º–µ –∏ –ø—Ä–æ—Ñ–µ—Å—Å–∏–æ–Ω–∞–ª—å–Ω–æ –≤ –ø–ª–∞—Ç–Ω—ã—Ö —É—Å–ª—É–≥–∞—Ö, –Ω–æ –ø—Ä–∏ –ø–æ—Å–µ—â–µ–Ω–∏–∏ –±–µ—Å–ø–ª–∞—Ç–Ω–æ –ø–æ –Ω–∞–ø—Ä–∞–≤–ª–µ–Ω–∏—é  —è —ç—Ç–æ–≥–æ –Ω–µ —É–≤–∏–¥–µ–ª–∞. –•–æ—Ç–µ–ª–∞ –∑–∞–º–µ—Ç–∏—Ç—å —á—Ç–æ –Ω–∞ –∫—É—à–µ—Ç–∫–µ –¥–∞–∂–µ –Ω–µ—Ç –æ–¥–Ω–æ—Ä–∞–∑–æ–≤—ã—Ö –ø—Ä–æ—Å—Ç—ã–Ω—å. ( –±–ª–∞–≥–æ —è –≤—Å–µ —Ç–∞–∫–∏ –≤–∑—è–ª–∞ –Ω–∞ –≤—Å—è–∫–∏–π —Å–ª—É—á–∞–π) –í –ø–∞–º—è—Ç–∫–µ –ø–æ –£–ó–ò –Ω–µ –±—ã–ª–æ –ø—Ä–æ–ø–∏—Å–∞–Ω–æ –≤–æ–∑—å–º–∏—Ç–µ —Å —Å–æ–±–æ–π –ø–µ–ª—ë–Ω–∫—É,  —Ç–æ –µ—Å—Ç—å —ç—Ç–æ –ø–æ–¥—Ä–∞–∑—É–º–µ–≤–∞–µ—Ç —á—Ç–æ —ç—Ç–∞ –ø–µ–ª–µ–Ω–∫–∞ –¥–æ–ª–∂–Ω–∞ –±—ã—Ç—å —É–∂–µ –≤ –∫–∞–±–∏–Ω–µ—Ç–µ, –∫–∞–∫ –≤–æ –≤—Å–µ—Ö –Ω–æ—Ä–º–∞–ª—å–Ω—ã—Ö –ø–æ–ª–∏–∫–ª–∏–Ω–∏–∫–∞—Ö.  –í–æ–∑–º–æ–∂–Ω–æ –≤—Ä–∞—á –Ω–µ –∑–∞–ø–∞—Ä–∏–≤–∞–µ—Ç—Å—è —ç—Ç–∏–º.  –í –æ—á–µ—Ä–µ–¥–∏ —Å–∏–¥–µ–ª–∞ –¥–µ–≤—É—à–∫–∞ –∏ –∂–¥–∞–ª–∞ —Å–≤–æ—é –∑–∞–∫–ª—é—á–µ–Ω–∏–µ –£–ó–ò.  –ú–∏—Ä–æ–Ω–æ–≤–∞ –æ—Å–æ–±–æ –Ω–µ —Ç–æ—Ä–æ–ø–∏–ª–∞—Å—å -  –º—ã —É–≤–∏–¥–µ–ª–∏ —á—Ç–æ –æ–Ω–∞ –±–ª–∞–≥–æ–ø–æ–ª—É—á–Ω–æ –≤–∏—Å–∏—Ç –≤ —Ç–µ–ª–µ—Ñ–æ–Ω–µ ,–∫–æ–≥–¥–∞  –∑–∞—à–ª–∞ –≤ –∫–∞–±–∏–Ω–µ—Ç –æ—Ç–¥–∞—Ç—å —Å–≤–æ–µ –Ω–∞–ø—Ä–∞–≤–ª–µ–Ω–∏–µ. –ê —á–µ–ª–æ–≤–µ–∫ –∂–¥–∞–ª –∏ –ø—Ä–∏–ª–∏—á–Ω–æ –¥–æ–ª–≥–æ –∂–¥–∞–ª. –≠—Ç–æ –º–æ–µ –º–Ω–µ–Ω–∏–µ. –ù–∞–ø–∏—Å–∞–ª–∞ –∫–∞–∫ –µ—Å—Ç—å.",0
"–ö—Ä–∞–π–Ω–µ –Ω–µ –ª–æ—è–ª—å–Ω—ã–π –∏ –Ω–µ –ø—Ä–∏–≤–µ—Ç–ª–∏–≤—ã–π –≤—Ä–∞—á, –µ—Å–ª–∏ –∫ –Ω–µ–º—É –æ–±—Ä–∞—â–∞–µ—à—å—Å—è –ø–æ –î–ú–°. –í—ã—Å–æ–∫–æ–º–µ—Ä–Ω–æ–µ –æ—Ç–Ω–æ—à–µ–Ω–∏–µ –∏ –Ω–µ–∂–µ–ª–∞–Ω–∏–µ –æ–∫–∞–∑—ã–≤–∞—Ç—å —É—Å–ª—É–≥–∏ –≤ —Ä–∞–º–∫–∞—Ö –î–ú–°. –ü–æ—Å—Ç–æ—è–Ω–Ω–æ —Å–∫–ª–æ–Ω—è–µ—Ç –∫ –ø–ª–∞—Ç–Ω–æ–π –æ—Å–Ω–æ–≤–µ. –í–∏–¥–∏–º–æ, —á–µ—Ä–µ–∑ –î–ú–° –∑–∞—Ä–∞–±–æ—Ç–æ–∫ –º–µ–Ω—å—à–µ. –û—Å—Ç–∞–ª—Å—è –Ω–µ –¥–æ–≤–æ–ª–µ–Ω –æ—Ç –≤–∏–∑–∏—Ç–∞ –∫ –¥–∞–Ω–Ω–æ–º—É –≤—Ä–∞—á—É. –†–µ–∫–æ–º–µ–Ω–¥–æ–≤–∞—Ç—å –±—ã –Ω–µ —Å—Ç–∞–ª.",0
–ü–æ–¥—Ö–æ–¥ –∫ –ª–µ—á–µ–Ω–∏—é –Ω–µ –ø–æ–Ω—Ä–∞–≤–∏–ª—Å—è. –°—Ç–∞–Ω–¥–∞—Ä—Ç–Ω—ã–µ –Ω–∞–∫–∞—Ç–∞–Ω–Ω—ã–µ —Å–æ–≤–µ—Ç—ã. –°–∞–º–æ—Ä–µ–∫–ª–∞–º–∞ –æ—á–µ–≤–∏–¥–Ω–∞.,0
"–°–∞–º—ã–π —Ö—É–¥—à–∏–π –¥–æ–∫—Ç–æ—Ä –∑–∞ –≤—Å—é –º–æ—é –∂–∏–∑–Ω—å. –ê –≤—Ä–∞—á–µ–π —è –ø–æ–≤–µ–¥–∞–ª–∞ –Ω–µ –º–∞–ª–æ. –£ –º–µ–Ω—è –ø—Ä–æ–±–ª–µ–º—ã —Å —â–∏—Ç–æ–≤–∏–¥–Ω–æ–π –∂–µ–ª–µ–∑–æ–π —Å 5 –ª–µ—Ç. –ò –º–Ω–µ –æ–±—è–∑–∞—Ç–µ–ª—å–Ω–æ –Ω—É–∂–Ω–æ —Å–¥–∞–≤–∞—Ç—å –∫—Ä–æ–≤—å 1 –∑.–≤ 3 –º–µ—Å. –ö –ù.–°. –ú–∞—Ç–≤–µ–µ–≤–æ–π  —è –æ–±—Ä–∞—Ç–∏–ª–∞—Å—å –∏–º–µ–Ω–Ω–æ –∑–∞ –Ω–∞–ø—Ä–∞–≤–ª–µ–Ω–∏–µ–º –Ω–∞ –≥–æ—Ä–º–æ–Ω—ã —â–∏—Ç–æ–≤–∏–¥–Ω–æ–π –∂–µ–ª–µ–∑—ã.  –û–Ω–∞ —Å–∫–∞–∑–∞–ª–∞, —á—Ç–æ –≥–æ—Ä–º–æ–Ω—ã –Ω—É–∂–Ω–æ —Å–¥–∞–≤–∞—Ç—å 1 —Ä.–≤ –≥–æ–¥ –∏ –ø–æ–¥–≤–µ—Ä–≥–ª–∞ –º–µ–Ω—è –≤ —à–æ–∫–æ–≤–æ–µ —Å–æ—Å—Ç–æ—è–Ω–∏–µ. –ò —Å–∫–∞–∑–∞–ª–∞, —á—Ç–æ –Ω—É–∂–Ω–æ –ø—Ä–æ–π—Ç–∏ –¥–∏—Å–ø–∞–Ω—Å–µ—Ä–∏–∑–∞—Ü–∏—é. –ò –≤ –∏—Ç–æ–≥–µ –æ–Ω–∞ –∑–∞–±—ã–ª–∞ –Ω–∞–∑–Ω–∞—á–∏—Ç—å –º–Ω–µ –º–æ–∏ –≥–ª–∞–≤–Ω—ã–µ –≥–æ—Ä–º–æ–Ω—ã, –∏ –Ω–∞–∑–Ω–∞—á–∏–ª–∞ —Ç–æ–ª—å–∫–æ –æ–±—â–∏–µ –∞–Ω–∞–ª–∏–∑—ã –∫—Ä–æ–≤–∏. –ú–Ω–µ –ø—Ä–∏–¥—ë—Ç—Å—è —Ç–µ–ø–µ—Ä—å —á–µ—Ä–µ–∑ –Ω–µ–¥–µ–ª—é —Ç–æ–ª—å–∫–æ –ø–µ—Ä–µ—Å–¥–∞—Ç—å –∫—Ä–æ–≤—å –∏ –æ–ø—è—Ç—å –∂–¥–∞—Ç—å —Ä–µ–∑—É–ª—å—Ç–∞—Ç–∞.  –ê –∫–∞–∫ —Å–∞–º–∏ –ø–æ–Ω–∏–º–∞–µ—Ç–µ –≤ –≥–æ—Ä–æ–¥—Å–∫–∏—Ö –ø–æ–ª–∏–∫–ª–∏–Ω–∏–∫–∞—Ö, —ç—Ç–æ –≤—Å–µ –≤—Ä–µ–º—è. –ñ–¥–∞—Ç—å –≤—Å–µ–≥–æ –Ω—É–∂–Ω–æ –æ—á–µ–Ω—å –¥–æ–ª–≥–æ. –í –æ–±—â–µ–º, —è –≤ —à–æ–∫–µ –æ—Ç –Ω–µ—ë. –ò –Ω–∞—Å—Ç–æ–ª—å–∫–æ –±–µ—Ä–∑—Ä–∞–∑–ª–∏—á–Ω–æ–≥–æ –¥–æ–∫—Ç–æ—Ä–∞ —è –µ—â—ë –Ω–µ –≤—Å—Ç—Ä–µ—á–∞–ª–∞!!!!!",0
"–ë—ã–ª–∞ –Ω–∞ –ø—Ä–∏—ë–º–µ —É –õ–∞–º—à–∞–∫–æ–≤–æ–π  11.09.2023–≥., —É–∂–∞—Å–Ω—ã–π –ø—Ä–∏—ë–º, –Ω–µ –ø–æ—Å–º–æ—Ç—Ä–µ–≤ –Ω–∞ –±–æ–ª—å–Ω—É—é –∫–æ–ª–µ–Ω–∫—É(–ø–æ—Å–ª–µ –æ–ø–µ—Ä–∞—Ü–∏–∏ —É–¥–∞–ª–µ–Ω–∏–µ –º–∏–Ω –¥–∏—Å–∫–∞), –ø—Ä–æ—Å—Ç–æ –ø–æ—Å–º–æ—Ç—Ä–µ–ª–∞ –∏–∑-–∑–∞ —Å—Ç–æ–ª–∞, —Å–∫–∞–∑–∞–≤ –ø—Ä–∏ —ç—Ç–æ–º:""–≤—Å—ë –Ω–æ—Ä–º–∞–ª—å–Ω–æ""!!! –ö–æ–ª–µ–Ω–∫–∞ –±—ã–ª–∞ –æ—Ç–µ—á–Ω–∞—è, —ç—Ç–æ –±—ã–ª–æ –≤–∏–¥–Ω–æ –Ω–µ –≤–æ–æ—Ä—É–∂—ë–Ω–Ω—ã–º –≤–∑–≥–ª—è–¥–æ–º, –∞ –µ—Å–ª–∏ –±—ã –æ–Ω–∞ –µ—ë –ø–æ—Ç—Ä–æ–≥–∞–ª–∞, –æ–Ω–∞ –±—ã –Ω–∞—â—É–ø–∞–ª–∞ —Å–∫–æ–ø–ª–µ–Ω–∏–µ –∂–∏–¥–∫–æ—Å—Ç–∏!!!!!  –ü–æ—Å–ª–µ –ø—Ä–∏—ë–º–∞ –ø—Ä–∏—à–ª–æ—Å—å –µ—Ö–∞—Ç—å –≤ –í–æ—Å–∫—Ä–µ—Å–µ–Ω—Å–∫ (–≥–¥–µ –∏ –±—ã–ª–∞ —Å–¥–µ–ª–∞–Ω–∞ –æ–ø–µ—Ä–∞—Ü–∏—è), –≤—Ä–∞—á –∫–æ—Ç–æ—Ä—ã–π –æ–ø–µ—Ä–∏—Ä–æ–≤–∞–ª –ø—Ä–∏–Ω—è–ª –∏ –±–µ–∑ —Å–ª–æ–≤, –ø–æ—Å–º–æ—Ç—Ä–µ–≤ –∫–æ–ª–µ–Ω–æ, –æ—Ç–∫–∞—á–∞–ª –∂–∏–¥–∫–æ—Å—Ç—å –∏ –Ω–µ –º–∞–ª–æ, —Å–∫–∞–∑–∞–≤ –ø—Ä–∏ —ç—Ç–æ–º :–∫—É–¥–∞ –∂–µ –≤—Ä–∞—á —Å–º–æ—Ç—Ä–µ–ª??!!! –ü–æ—Å–ª–µ —ç—Ç–æ–≥–æ —Å—á–∏—Ç–∞—é –õ–∞–º—à–∞–∫–æ–≤—É –Ω–µ–ª—å–∑—è –Ω–∞–∑–≤–∞—Ç—å –≤—Ä–∞—á–æ–º, –ø—Ä–æ—Å—Ç–æ —Å–∏–¥–∏—Ç –∏ –ø—Ä–æ—Ç–∏—Ä–∞–µ—Ç —à—Ç–∞–Ω—ã!!! –ê –∫–∞–∫ –∂–µ –∫–ª—è—Ç–≤–∞ –ì–∏–ø–ø–æ–∫—Ä–∞—Ç–∞??!!! –ü–û–ó–û–† –¢–ê–ö–û–ú–£ –í–†–ê–ß–£!!!",0
"–û–±—Ä–∞—Ç–∏–ª—Å—è –Ω–∞ –ø—Ä–∏—ë–º 31.08.2023 –ü–õ–ê–¢–ù–û ! —Å –∂–∞–ª–æ–±–∞–º–∏ –Ω–∞ –≤—ã—Å–æ–∫—É—é —Ç–µ–º–ø–µ—Ä–∞—Ç—É—Ä—É - 38,5-39 –≥—Ä–∞–¥—É—Å–æ–≤, –∫–æ—Ç–æ—Ä–∞—è –ø–æ–¥–Ω—è–ª–∞—Å—å –ù–ê–ö–ê–ù–£–ù–ï –í–ï–ß–ï–†–û–ú, –≤—ã–¥–µ–ª–µ–Ω–∏—è –∏–∑ –Ω–æ—Å–∞, —Å—É—Ö–æ–π –∫–∞—à–µ–ª—å, —Å–ª–∞–±–æ—Å—Ç—å, –ª–æ–º–æ—Ç—É –≤ —Ç–µ–ª–µ. –í—Ä–∞—á –ñ–∞—Ä–∞–≤–∏–Ω–∞ —Ä–∞—Å—Å–ø—Ä–æ—Å–∏–ª–∞ –º–µ–Ω—è –º–æ–∏ –∂–∞–ª–æ–±—ã, –æ—Å–º–æ—Ç—Ä–µ–ª–∞ –º–µ–Ω—è –ø–æ–≤–µ—Ä—Ö–Ω–æ—Å—Ç–Ω–æ - –ø–æ—Å–º–æ—Ç—Ä–µ–ª–∞ –≥–æ—Ä–ª–æ –∑–∞ 1 —Å–µ–∫—É–Ω–¥—É, –ø–æ—Å–ª—É—à–∞–ª–∞ –ª—ë–≥–∫–∏–µ –∑–∞ 5 —Å–µ–∫—É–Ω–¥, –∏–∑–º–µ—Ä—è–ª–∞ –¥–∞–≤–ª–µ–Ω–∏–µ, –ø—É–ª—å—Å, –∫–∏—Å–ª–æ—Ä–æ–¥ –≤ –∫—Ä–æ–≤–∏, –∑–∞–¥–∞–ª–∞ –≤–æ–ø—Ä–æ—Å –ø—Ä–æ —Å—Ç—É–ª, –º–æ—á—É, –∂–∏–≤–æ—Ç –∏ –Ω–∞ —ç—Ç–æ–º –µ–π –≤—Å–µ –≤–¥—Ä—É–≥ —Å—Ç–∞–ª–æ —è—Å–Ω–æ –∏ –ø–æ–Ω—è—Ç–Ω–æ. –ù–∞–∑–Ω–∞—á–∏–ª–∞ –∞–Ω–∞–ª–∏–∑—ã –Ω–∞ –∫–æ–≤–∏–¥, –≥—Ä–∏–ø–ø, –∫—Ä–æ–≤—å –Ω–∞ –≤–æ—Å–ø–∞–ª–µ–Ω–∏–µ. –•–æ—Ç–µ–ª –∑–∞–¥–∞—Ç—å –µ–π –≤–æ–ø—Ä–æ—Å - –ø—Ä–∏—á–µ–º —Ç—É—Ç –∫–æ–≤–∏–¥, –µ—Å–ª–∏ –∫–æ–≤–∏–¥–∞ —É–∂–µ –¥–∞–≤–Ω–æ –Ω–µ—Ç, –≥—Ä–∏–ø–ø–∞ –µ—â–µ –Ω–µ—Ç. –ó–∞—á–µ–º –Ω—É–∂–Ω–æ —Å–¥–∞–≤–∞—Ç—å —ç—Ç–∏ –º–∞–∑–∫–∏ –∑–∞ –±–µ–∑—É–º–Ω—ã–µ –¥–µ–Ω—å–≥–∏, –≤–µ—Ä–æ—è—Ç–Ω–æ —á—Ç–æ–± –¥–µ–Ω—å–≥–∏ –≤–∑—è—Ç—å —Å –±–æ–ª—å–Ω–æ–≥–æ ? –ù–∞–∑–Ω–∞—á–∏–ª–∞ –ê–†–ë–ò–î–û–õ - –≥–æ–≤–æ—Ä—é –µ–π, —á—Ç–æ —ç—Ç–æ—Ç –ø—Ä–µ–ø–∞—Ä–∞—Ç –≤—Ä–∞—á–∏ —É–∂–µ –¥–∞–≤–Ω–æ –Ω–µ –∏—Å–ø–æ–ª—å–∑—É—é—Ç, —á—Ç–æ —ç—Ç–æ –ø—Ä–æ—à–ª—ã–π –≤–µ–∫. –û–Ω–∞ –º–Ω–µ –Ω–∞ —ç—Ç–æ –æ—Ç–≤–µ—á–∞–µ—Ç, —á—Ç–æ –µ—Å—Ç—å –∫–ª–∏–Ω–∏—á–µ—Å–∫–∏–µ —Ä–µ–∫–æ–º–µ–Ω–¥–∞—Ü–∏–∏ –º–∏–Ω–∑–¥—Ä–∞–≤–∞ –∏ —Å—Ç–∞–Ω–¥–∞—Ä—Ç—ã, –ø–æ –∫–æ—Ç–æ—Ä—ã–º —Ä–∞–±–æ—Ç–∞–µ—Ç –ª—é–±–æ–π –≤—Ä–∞—á, –≤ —Ç–æ–º —á–∏—Å–ª–µ —Ç–∏–ø–∞ –∏ —è. –í—Ç–æ—Ä–æ–π –¥–µ–Ω—å –±–æ–ª–µ–∑–Ω–∏ –º–æ–ª - —á—Ç–æ –∞–Ω—Ç–∏–±–∏–æ—Ç–∏–∫–∏ –Ω–µ –Ω—É–∂–Ω—ã, —Ç–∏–ø—É —á—Ç–æ –Ω–µ—Ç –¥–∞–Ω–Ω—ã—Ö –≤ –ø–æ–ª—å–∑—É –±–∞–∫—Ç–µ—Ä–∏–π –∏ —Ç.–ø. –ü–æ–∑–≤–∞–ª–∞ –Ω–∞ –ø—Ä–∏—ë–º —á–µ—Ä–µ–∑ 2 –¥–Ω—è —Å –∞–Ω–∞–ª–∏–∑–∞–º–∏. –í –∏—Ç–æ–≥–µ —è –ø–æ–ø–∞–ª –≤ –±–æ–ª—å–Ω–∏—Ü—É —Å –æ—Å—Ç—Ä—ã–º –±—Ä–æ–Ω—Ö–∏—Ç–æ–º –∏ —Ç–∞–º –µ–µ –Ω–∞–∑–Ω–∞—á–µ–Ω–∏—è –ø—Ä–æ—Å—Ç–æ —Ä–∞—Å–∫—Ä–∏—Ç–∏–∫–æ–≤–∞–ª–∏, —Å–∫–∞–∑–∞–ª–∏, —á—Ç–æ —Ç–∞–∫ —É–∂–µ –Ω–∏–∫—Ç–æ –Ω–µ –ª–µ—á–∏—Ç. –ö–∞–∫ –º–æ–∂–Ω–æ –¥–æ–≤–µ—Ä—è—Ç—å —ç—Ç–æ–º—É –≤—Ä–∞—á—É ? –°–æ–≤–µ—Ç—É—é –æ–±—Ö–æ–¥–∏—Ç—å –µ–µ –∫–∞–±–∏–Ω–µ—Ç —Å—Ç–æ—Ä–æ–Ω–æ–π. –¢–æ–≥–¥–∞ –ª–µ—á–µ–Ω–∏–µ —Å—Ç–∞–Ω–µ—Ç –∑–Ω–∞—á–∏—Ç–µ–ª—å–Ω–æ —ç—Ñ—Ñ–µ–∫—Ç–∏–≤–Ω–µ–π.",0
"–•–∞–º. –ì—Ä—É–±–∏—Ç, –Ω–∏—á–µ–≥–æ –Ω–µ –≥–æ–≤–æ—Ä–∏—Ç –ø–æ –¥–µ–ª—É, –Ω–∞ –≤–æ–ø—Ä–æ—Å—ã –Ω–µ –æ—Ç–≤–µ—á–∞–µ—Ç –≤–æ–æ–±—â–µ. –ù–∞ –ø—Ä–∏–µ–º–µ, —Ç–∞–∫–æ–µ –æ—â—É—â–µ–Ω–∏–µ,  —á—Ç–æ —è –¥–æ–ª–∂–Ω–∞ –µ–º—É –∫—É—á—É –¥–µ–Ω–µ–≥, –∏ –≤–æ–æ–±—â–µ –Ω–µ –∏–∑ —Ç–æ–π ""–∫–∞—Å—Ç—ã"", —á—Ç–æ –±—ã —Å –ï–≥–æ–°–≤–µ—Ç–ª–µ–π—à–µ—Å—Ç–≤–æ–º —Ä–∞–∑–≥–æ–≤–∞—Ä–∏–≤–∞—Ç—å!",0
"–ê–±—Å–æ–ª—é—Ç–Ω–æ –Ω–µ–ø—Ä–æ—Ñ–µ—Å—Å–∏–æ–Ω–∞–ª—å–Ω—ã–π –≤—Ä–∞—á! –ù–∞–∑–Ω–∞—á–∏–ª–∞ —Ä–µ–±–µ–Ω–∫—É –∞–Ω—Ç–∏–±–∏–æ—Ç–∏–∫–∏ –±–µ–∑ –∞–Ω–∞–ª–∏–∑–æ–≤,–±–µ–∑ —Ä–µ–Ω—Ç–≥–µ–Ω–∞,–ø–æ—Å—Ç–∞–≤–∏–≤ –¥–∏–∞–≥–Ω–æ–∑ —Å–∏–Ω—É—Å–∏—Ç. –ù–∞ –º–∏–Ω—É—Ç–æ—á–∫—É,–≤ –∫–ª–∏–Ω–∏–∫–µ –º–µ–Ω—è–ª–∏ –∞–ø–ø–∞—Ä–∞—Ç —Ä–µ–Ω—Ç–≥–µ–Ω–∞,–ø–æ—ç—Ç–æ–º—É —Å–¥–µ–ª–∞—Ç—å –µ–≥–æ –Ω–µ–≤–æ–∑–º–æ–∂–Ω–æ. –£ —Ä–µ–±–µ–Ω–∫–∞ –Ω–µ –±—ã–ª–æ –Ω–∏–∫–∞–∫–æ–π —Ç–µ–º–ø–µ—Ä–∞—Ç—É—Ä—ã, –Ω–∏–∫–∞–∫–æ–≥–æ –ø–ª–æ—Ö–æ–≥–æ —Å–∞–º–æ—á—É–≤—Å—Ç–≤–∏—è –∏ —Ç–¥. –¢–æ–ª—å–∫–æ —Å–æ–ø–ª–∏. –î—Ä—É–≥–∏–µ –≤—Ä–∞—á–∏ –±—ã–ª–∏ –≤ —à–æ–∫–µ –æ—Ç –µ–µ –Ω–∞–∑–Ω–∞—á–µ–Ω–∏—è –∏ —Å–∏–Ω—É—Å–∏—Ç –Ω–µ –ø–æ–¥—Ç–≤–µ—Ä–¥–∏–ª–∏! –ú–∞–∑–æ–∫,–∫–æ—Ç–æ—Ä—ã–π –æ–Ω–∞ –≤–∑—è–ª–∞,—Ç–æ–∂–µ –∞–±—Å–æ–ª—é—Ç–Ω–æ –±–µ—Å–ø–æ–ª–µ–∑–µ–Ω –∫–∞–∫ —Å–∫–∞–∑–∞–ª –ø–µ–¥–∏–∞—Ç—Ä. –ó–∞—Ç–æ –ø–æ–ø—Ä–æ–±–æ–≤–∞–≤ –ø—Ä–æ–º—ã—Ç—å —Ä–µ–±–µ–Ω–∫—É –Ω–æ—Å, —Ç–∫–Ω—É—Ç –µ–π –æ–¥–∏–Ω —Ä–∞–∑ –≤ –Ω–æ—Å,–ø–æ—Å–ª–µ —á–µ–≥–æ —Ä–µ–±–µ–Ω–æ–∫ –Ω–µ –¥–∞–ª—Å—è,–ø–æ—Å—á–∏—Ç–∞–ª–∞ –ø—Ä–æ—Ü–µ–¥—É—Ä—É –≤—ã–ø–æ–ª–Ω–µ–Ω–Ω–æ–π –∏ –≤–Ω–µ—Å–ª–∞ –µ–µ –≤ —Å–ø–∏—Å–æ–∫ –ø—Ä–æ–≤–µ–¥–µ–Ω–Ω—ã—Ö –º–∞–Ω–∏–ø—É–ª—è—Ü–∏–π. –ù–∞ –≤—Å–µ –º–æ–∏ —Å–æ–º–Ω–µ–Ω–∏—è –ø–æ –ø–æ–≤–æ–¥—É –∞–Ω—Ç–∏–±–∏–æ—Ç–∏–∫–æ–≤,–æ—Ç—Ä–µ–∑–∞–ª–∞ —á—Ç–æ —Ç–∞–∫,–∏ –±–æ–ª—å—à–µ –Ω–∏–∫–∞–∫ –∏ –≤—Å–µ. –í –∏—Ç–æ–≥–µ –∑–∞ 5 –¥–Ω–µ–π –ø—Ä–∏–µ–º–∞ –∞–Ω—Ç–∏–±–∏–æ—Ç–∏–∫–æ–≤ –ª—É—á—à–µ —Ä–µ–±–µ–Ω–∫—É –Ω–µ —Å—Ç–∞–ª–æ. –î—Ä—É–≥–æ–π –≤—Ä–∞—á —Å–∫–∞–∑–∞–ª —á—Ç–æ —Ç–∫ –ª–µ—á–µ–Ω–∏–µ –Ω–µ–ø—Ä–∞–≤–∏–ª—å–Ω–æ–µ. –ó–∞—Ç–æ !—è–∫–æ–±—ã –ø—Ä–∏ —Å–∏–Ω—É—Å–∏—Ç–µ!! –æ–Ω–∞ –ø—Ä–æ–ø–∏—Å–∞–ª–∞ –≤ –Ω–æ—Å —Ç–æ–ª—å–∫–æ –ø–æ–ª–∏–¥–µ–∫—Å–∞, –Ω–∏–∫–∞–∫–∏—Ö –ø—Ä–æ–º—ã–≤–∞–Ω–∏–π –º–æ—Ä—Å–∫–æ–π –≤–æ–¥–æ–π,–Ω–∏–∫–∞–∫–∏—Ö —Ä–∞–∑–∂–∏–∂–∞—é—â–∏—Ö —Å—Ä–µ–¥—Å—Ç–≤-–ù–ò –ß–ï –ì–û. –ï—â–µ –∂–¥–∞–ª–∏ –µ–µ 30–º–∏–Ω—É—Ç! –≠—Ç–æ –≤ —á–∞—Å—Ç–Ω–æ–π –∫–ª–∏–Ω–∏–∫–µ,–ø–æ–∫–∞ –æ–Ω–∞ —Å–∏–¥–µ–ª–∞ –ø—Ä–æ—Å—Ç–æ –≤ –∫–∞–±–∏–Ω–µ—Ç–µ,–∞ –∞–¥–º–∏–Ω–∏—Å—Ç—Ä–∞—Ç–æ—Ä—ã —Å—á–∏—Ç–∞–ª–∏ —á—Ç–æ –æ–Ω–∞ –≤ –¥—Ä—É–≥–æ–º –∫–∞–±–∏–Ω–µ—Ç–µ,–æ–Ω–∞ –¥–∞–∂–µ –Ω–µ —É–¥–æ—Å—É–∂–∏–ª–∞—Å—å –≤—ã–π—Ç–∏!",0
"–£–∂–∞—Å–Ω–∞—è –∞—Å–∏–º–º–µ—Ç—Ä–∏—è –ª–∏—Ü–∞ –ø–æ—Å–ª–µ –∏–Ω—ä–µ–∫—Ü–∏–π –¥–∏—Å–ø–æ—Ä—Ç–∞ —É –ú–∏–Ω–≥–∞–∑–æ–≤–æ–π –õ.–†.! –û–±—Ä–∞—â–∞–ª–∞—Å—å —Å —ç–ª–µ–º–µ–Ω—Ç–∞—Ä–Ω—ã–º –≤–æ–ø—Ä–æ—Å–æ–º –∫–æ—Ä—Ä–µ–∫—Ü–∏–∏ –º–æ—Ä—â–∏–Ω –≤–æ–∫—Ä—É–≥ –≥–ª–∞–∑, –ª–æ–± –∏ –Ω–æ—Å–æ–≥—É–±–∫–∏, –≤ —Ä–µ–∑—É–ª—å—Ç–∞—Ç–µ –æ–¥–Ω–∞ –±—Ä–æ–≤—å –≤—ã—à–µ –¥—Ä—É–≥–æ–π –∏ –∫—Ä–∏–≤–∞—è —É–ª—ã–±–∫–∞, —Ç—è–∂–µ–ª–æ —Ä–∞–∑–≥–æ–≤–∞—Ä–∏–≤–∞—Ç—å. –î–∏—Å–ø–æ—Ä—Ç –Ω–∏–∫–∞–∫ –Ω–µ —É–±–∏—Ä–∞–µ—Ç—Å—è —Ç–∞–∫ —á—Ç–æ —Å —ç—Ç–∏–º –∂–∏—Ç—å –ø–æ–ª–≥–æ–¥–∞. –°—Ç—Ä–∞—à–Ω–æ —á—Ç–æ —Ç–∞–∫–∏–µ —Å–ø–µ—Ü–∏–∞–ª–∏—Å—Ç—ã —Å—É—â–µ—Å—Ç–≤—É—é—Ç –∏ –±–æ–ª–µ–µ —Ç–æ–≥–æ –æ–Ω–∞ –µ—â–µ –∑–∞–Ω–∏–º–∞–µ—Ç—Å—è –æ–±—É—á–µ–Ω–∏–µ–º! –ù–∏–∫–æ–º—É –Ω–µ –ø–æ–∂–µ–ª–∞—é —Å—Ç–æ–ª–∫–Ω—É—Ç—å—Å—è —Å —Ç–∞–∫–∏–º–∏ —Å–ø–µ—Ü–∏–∞–ª–∏—Å—Ç–∞–º–∏!",0
"–ö–∞–∫ –ì–ª–∞–≤. –≤—Ä–∞—á –∫–ª–∏–Ω–∏–∫–∏ –ê–ë–°-–º–µ–¥–∏—Ü–∏–Ω–∞ –Ω–∞ 1905 –≥–æ–¥–∞ –æ—Ç–∫–∞–∑–∞–ª–∞—Å—å —Ä–µ—à–∞—Ç—å –∫–æ–Ω—Ñ–ª–∏–∫—Ç–Ω—É—é –ø—Ä–æ–±–ª–µ–º—É –ø—Ä–æ–∏–∑–æ—à–µ–¥—à—É—é  —Å –≤—Ä–∞—á–æ–º –¥–∞–Ω–Ω–æ–π –∫–ª–∏–Ω–∏–∫–∏. –û–¥–Ω–æ–±–æ–∫–æ —Ä–∞—Å—Å–º–∞—Ç—Ä–∏–≤–∞–µ—Ç —Å–∏—Ç—É–∞—Ü–∏—é, –Ω–µ —É–º–µ–µ—Ç —Ä–∞—Å—Å–º–∞—Ç—Ä–∏–≤–∞—Ç—å –ø—Ä–æ–±–ª–µ–º—É –∏ –∞–¥–µ–∫–≤–∞—Ç–Ω–æ –ø—Ä–∏–Ω–∏–º–∞—Ç—å –¥–æ–≤–æ–¥—ã –≤—Å–µ—Ö —Å—Ç–æ—Ä–æ–Ω, –ø–æ–±—ã—Å—Ç—Ä–µ–µ —Ö–æ—á–µ—Ç –æ—Ç –≤–∞—Å –æ—Ç–≤—è–∑–∞—Ç—å—Å—è. –í —á–µ—Å—Ç–Ω–æ—Å—Ç–∏ —Å—Ç–æ–∏—Ç —Å–æ–º–Ω–µ–≤–∞—Ç—å—Å—è, —Ç–∞–∫ –∫–∞–∫ –∫–∞–º–µ—Ä—ã –æ—Ç–∫–∞–∑–∞–ª–∏—Å—å –ø–æ–∫–∞–∑–∞—Ç—å –∏ –ø—Ä–æ—Å–ª—É—à–∞—Ç—å –≤—Å–µ, —á—Ç–æ –±—ã–ª–æ –Ω–∞ –ø—Ä–∏–µ–º–µ.",0
"–ù–µ–∫–æ–º–ø–µ—Ç–µ–Ω—Ç–Ω—ã–π –≤—Ä–∞—á,–µ—Å–ª–∏ –º–æ–∂–Ω–æ –µ–µ –≤—Ä–∞—á–æ–º –Ω–∞–∑–≤–∞—Ç—å!–æ—Ç–∫–∞–∑–∞–ª–∞ —á–∏—Å—Ç–∏—Ç—å –∫–∞–º–Ω–∏ –∏–∑ –∑–∞ –±—Ä–µ–∫–µ—Ç–æ–≤!–µ—Å—Ç–µ—Å—Ç–≤–µ–Ω–Ω–æ –ø—Ä–æ–∏–∑–≤–æ–¥–∏–ª–∞ —á–∏—Å—Ç–∫—É –¥–æ –Ω–µ–µ —Å –±—Ä–µ–∫–µ—Ç–∞–º–∏ –∏ —Ç–æ–ª—å–∫–æ –æ–Ω–∞ –æ—Ç–∫–∞–∑–∞–ª–∞!–¥–∏–ø–ª–æ–º –≤–∏–¥–∏–º–æ –∫—É–ø–∏–ª–∞,–Ω–µ –¥–∞–π –±–æ–≥ –µ—â–µ —Ä–∞–∑ –∫ –Ω–µ–π –ø–æ–ø–∞—Å—Ç—å,–µ—â–µ –∏ –¥–µ—Ç–µ–π –∫ –Ω–µ–π –∫—Ç–æ-—Ç–æ –≤–æ–¥–∏—Ç,—É–∂–∞—Å!",0
"–¢–∞–∫–æ–≥–æ —Å–µ–∫—Å–∏—Å—Ç–∞ –∏ –∞–±—å—é–∑–µ—Ä–∞ –µ—â–µ –Ω–∞–¥–æ –ø–æ–∏—Å–∫–∞—Ç—å! –õ–∏–±–µ–Ω—Å–æ–Ω –ø—Ä–æ–µ—Ü–∏—Ä—É–µ—Ç —Å–≤–æ–∏ –∫–æ–º–ø–ª–µ–∫—Å—ã –Ω–∞ –¥—Ä—É–≥–∏—Ö –ø–∞—Ü–∏–µ–Ω—Ç–∞—Ö, –≤—ã–º–µ—â–∞—è –≤—Å—é —Å–≤–æ—é –∂–µ–ª—á—å  
–¢–∞–∫–æ–≥–æ —É–Ω–∏–∂–µ–Ω–∏—è —è –µ—â–µ –≤ –∂–∏–∑–Ω–∏ –Ω–µ –∏—Å–ø—ã—Ç—ã–≤–∞–ª–∞! –ü–æ–º–∏–º–æ –•–∞–º—Å–∫–æ–≥–æ –ø–æ–≤–µ–¥–µ–Ω–∏—è, 
–Ω–µ–ø—Ä–∞–≤–∏–ª—å–Ω–æ –ø–æ—Å—Ç–∞–≤–ª–µ–Ω–Ω—ã–π –¥–∏–∞–≥–Ω–æ–∑! 

–î–µ–Ω—å–≥–∏ –≤–∞–∂–Ω—ã –≤ –ø–µ—Ä–≤—É—é –æ—á–µ—Ä–µ–¥—å –≤—Ä–∞—á—É, –∞ —É–∂ –ø–æ—Ç–æ–º –∑–¥–æ—Ä–æ–≤—å–µ –ø–∞—Ü–∏–µ–Ω—Ç–∞ , –≥–ª–∞–≤–Ω–æ–µ, –ø–æ—Å–ª–∞—Ç—å –Ω–∞ –æ–ø–µ—Ä–∞—Ü–∏—é, –¥–∞–∂–µ –µ—Å–ª–∏ –≤ —ç—Ç–æ–º –Ω–µ—Ç –Ω–µ–æ–±—Ö–æ–¥–∏–º–æ—Å—Ç–∏. –†–∞–∑–≤–µ—Ä–Ω—É—Ç—ã—Ö –æ—Ç–≤–µ—Ç–æ–≤ –Ω–µ –¥–∞–µ—Ç, —è–∑–≤–∏—Ç–µ–ª—å–Ω—ã–π —Ç–æ–Ω –ø—Ä–µ–æ–±–ª–∞–¥–∞–µ—Ç –Ω–∞ –ø—Ä–æ—Ç—è–∂–µ–Ω–∏–µ –≤—Å–µ–≥–æ –ø—Ä–∏–µ–º–∞. 

–ï—Å–ª–∏ –±—ã —è –º–æ–≥–ª–∞ –æ—Ç–º–æ—Ç–∞—Ç—å –≤—Ä–µ–º—è –Ω–∞–∑–∞–¥, —è –±—ã –Ω–∏–∫–æ–≥–¥–∞ –Ω–µ –æ–±—Ä–∞—Ç–∏–ª–∞—Å—å –∫ –¥–∞–Ω–Ω–æ–º—É –º—É–∂–ª–∞–Ω—É.
–û–¥–∏–Ω —Å–æ–≤–µ—Ç —Ä—É–∫–æ–≤–æ–¥—Å—Ç–≤—É –∫–ª–∏–Ω–∏–∫–∏ –æ–±—Ä–∞—Ç–∏—Ç—å –≤–Ω–∏–º–∞–Ω–∏–µ –Ω–∞ —Ç–∞–∫–æ–µ  —Ä–∞—Å–ø—É—Ç—Å—Ç–≤–æ –∏ –±–µ–∑–Ω—Ä–∞–≤—Å—Ç–≤–µ–Ω–Ω–æ—Å—Ç—å. –°—Ç–∞–≤–ª—é –æ–¥–Ω—É –∑–≤–µ–∑–¥—É , –ø–æ—Ç–æ–º—É —á—Ç–æ –Ω–∏–∂–µ –Ω–µ—Ç –æ—Ü–µ–Ω–∫–∏, –∫ —Å–æ–∂–∞–ª–µ–Ω–∏—é.",0
"–ë–µ–≥–∏—Ç–µ –æ—Ç —ç—Ç–æ–≥–æ –≤—Ä–∞—á–∞ –Ω–µ –æ–≥–ª—è–¥—ã–≤–∞—è—Å—å. –ë—ã–ª –Ω–∞ –ø—Ä–∏—ë–º–µ —Å –∂–∞–ª–æ–±–æ–π –Ω–∞ —Ç–æ —á—Ç–æ –∞ –ª–µ–≤–æ–º –≥–ª–∞–∑—É –∫—Ä–∞—Å–Ω—ã–µ –ø–æ–ª–æ—Å—ã –≤–∏–∂—É, –æ—Å–º–æ—Ç—Ä–µ–ª–∞ –Ω–∏—á–µ–≥–æ –Ω–µ —É–≤–∏–¥–µ–ª–∞, –≤—ã–ø–∏—Å–∞–ª–∞ –∫–∞–ø–ª–∏ —ç–º–æ–∫—Å–∏–ø–∏–Ω,—á–µ—Ä–µ–∑ 5 –¥–Ω–µ–π –ª–µ–≤—ã–π –≥–ª–∞–∑ –æ—Å–ª–µ–ø. –ñ–¥—É —Ç–µ–ø–µ—Ä—å –æ–ø–µ—Ä–∞—Ü–∏—é.",0
"–û—Ç–≤—Ä–∞—Ç–∏—Ç–µ–ª—å–Ω–æ. –ü–æ—Å–ª–µ –º–∞—Å—Å–∞–∂–∞ –Ω–∞ —à–µ–µ –æ—Å—Ç–∞–ª—Å—è –∫—Ä–æ–≤–æ–ø–æ–¥—Ç—ë–∫. –í –∫–æ–Ω—Ü–µ —Å–µ–∞–Ω—Å–∞ —Å–∫–∞–∑–∞–ª–∞, —á—Ç–æ —É –º–µ–Ω—è –±–æ–ª–∏—Ç —à–µ—è, —Å–ø–µ—Ü–∏–∞–ª–∏—Å—Ç –æ—Ç–≤–µ—Ç–∏–ª, —á—Ç–æ ""–∑–Ω–∞—á–∏—Ç, —Ç–∞–º –±—ã–ª–∞ –ø—Ä–æ–±–ª–µ–º–∞"". –ü–æ—Å–º–æ—Ç—Ä–µ–ª–∞—Å—å –≤ –∑–µ—Ä–∫–∞–ª–æ - –∫—Ä–æ–≤–æ–ø–æ–¥—Ç—ë–∫. –¢–∞–∫–æ–π –ø—Ä–æ–±–ª–µ–º—ã –¥–æ —Å–µ–∞–Ω—Å–∞ —É –º–µ–Ω—è –Ω–µ –±—ã–ª–æ. –î–µ–Ω—å–≥–∏ –∑–∞ –Ω–µ–Ω–∞–¥–ª–µ–∂–∞—â–µ–µ –∫–∞—á–µ—Å—Ç–≤–æ —É—Å–ª—É–≥–∏ –≤–æ–∑–≤—Ä–∞—â–∞—Ç—å –æ—Ç–∫–∞–∑—ã–≤–∞–µ—Ç—Å—è, –ø–æ—ç—Ç–æ–º—É –≤—ã–Ω—É–∂–¥–µ–Ω–∞ –±—É–¥—É –æ–±—Ä–∞—â–∞—Ç—å—Å—è —Å —ç—Ç–∏–º –≤–æ–ø—Ä–æ—Å–æ–º –≤ —Å—É–¥. –î–æ–ø–æ–ª–Ω–∏—Ç–µ–ª—å–Ω—ã–µ –ø—Ä–µ—Ç–µ–Ω–∑–∏–∏: —Ñ–∞–º–∏–ª—å—è—Ä–Ω–æ–µ –æ—Ç–Ω–æ—à–µ–Ω–∏–µ –∫ –∫–ª–∏–µ–Ω—Ç—É, –æ–±—Ä–∞—â–µ–Ω–∏—è —Ç–æ –Ω–∞ ""–≤—ã"", —Ç–æ –Ω–∞ ""—Ç—ã"", —Ö–æ—Ç—è –Ω–∞ ""—Ç—ã"" –º—ã –Ω–µ –ø–µ—Ä–µ—Ö–æ–¥–∏–ª–∏. –§–∞–º–∏–ª—å—è—Ä–Ω—ã–µ –≤–æ–ø—Ä–æ—Å—ã –æ —Ä–∞–±–æ—Ç–µ –∏ –º–µ—Å—Ç–µ –∂–∏—Ç–µ–ª—å—Å—Ç–≤–∞, —Ñ–∞–º–∏–ª—å—è—Ä–Ω—ã–µ —à—É—Ç–æ—á–∫–∏. –ú–∞—Å—Å–∞–∂ –≤–ø–æ–ª–Ω–µ –º–æ–∂–Ω–æ –¥–µ–ª–∞—Ç—å –º–æ–ª—á–∞ - –Ω–µ–ø–æ–Ω—è—Ç–Ω–æ, –∑–∞—á–µ–º —Ç—Ä–µ–ø–∞—Ç—å —è–∑—ã–∫–æ–º –≤ –ø—Ä–æ—Ü–µ—Å—Å–µ. –ü—Ä—è–º—ã–µ —Å–æ–æ–±—â–µ–Ω–∏—è –æ —Ç–æ–º, —á—Ç–æ –≥–¥–µ-—Ç–æ –±–æ–ª—å–Ω–æ –∏–ª–∏ –µ—Å—Ç—å –º–µ–¥–∏—Ü–∏–Ω—Å–∫–∏–µ –ø—Ä–æ—Ç–∏–≤–æ–ø–æ–∫–∞–∑–∞–Ω–∏—è, –∞ –ø–æ—Ç–æ–º—É –Ω–µ–ª—å–∑—è —Ç—Ä–æ–≥–∞—Ç—å, –ø–æ–ª–Ω–æ—Å—Ç—å—é –∏–≥–Ω–æ—Ä–∏—Ä—É—é—Ç—Å—è —Å–ø–µ—Ü–∏–∞–ª–∏—Å—Ç–æ–º. –¢–∞–∫–∂–µ, —Å–ø–µ—Ü–∏–∞–ª–∏—Å—Ç –≤ –ø—Ä–æ—Ü–µ—Å—Å–µ —Å–µ–∞–Ω—Å–∞ –Ω–∞—Ö–≤–∞–ª–∏–≤–∞–µ—Ç —Å–µ–±—è, —Ç—Ä–µ–±—É–µ—Ç –ø–∏—Å–∞—Ç—å –æ—Ç–∑—ã–≤—ã –∏ –ø—Ä–∏–≤–æ–¥–∏—Ç—å –∑–Ω–∞–∫–æ–º—ã—Ö. –ö–∞—Ç–µ–≥–æ—Ä–∏—á–µ—Å–∫–∏ –Ω–µ —Ä–µ–∫–æ–º–µ–Ω–¥—É—é –∫ –Ω–µ–º—É –æ–±—Ä–∞—â–∞—Ç—å—Å—è.",0
"–°–µ–≥–æ–¥–Ω—è –±—ã–ª –Ω–∞ –ø—Ä–∏–µ–º–µ –ø–æ –û–ú–°, –∑–∞–ø–ª–∞—Ç–∏–ª –Ω–µ –∑–Ω–∞—é –∑–∞ —á—Ç–æ –ø–æ—á—Ç–∏ 12—Ç.—Ä. –∏ –Ω–∞ –∑–∞–≤—Ç—Ä–∞ –æ–ø—è—Ç—å –º–µ–Ω—è –∑–∞–ø–∏—Å–∞–ª–∞, —Å–∫–∞–∑–∞–≤ —á—Ç–æ —Å –ª–µ–≤–æ–π —Å—Ç–æ—Ä–æ–Ω—ã —Ç–æ–∂–µ –≤—Å—ë –ø–ª–æ—Ö–æ.
–£–∂–∞—Å!!! –û–±—Ö–æ–¥–∏—Ç–µ —Å—Ç–æ—Ä–æ–Ω–æ–π —ç—Ç–æ–≥–æ –≤—Ä–∞—á–∞",0
"–ë—ã–ª–∞ —É –Ω–µ—ë –Ω–∞ –ø—Ä–∏—ë–º–µ –ø–æ –ø—Ä–µ—Ä—ã–≤–∞–Ω–∏—é –¥–≤–æ–π–Ω–∏ –≤ –∫–ª–∏–Ω–∏–∫–µ –º–∞—Ç—å –∏ –¥–∏—Ç—è. 
–ú–∞–ª–æ —Ç–æ–≥–æ –æ–ø–∞–∑–∞–¥–∞ –Ω–∞ –ø–æ–ª—á–∞—Å–∞, –µ—â—ë –∏ —Å–ø–∏—Å–æ–∫ –∞–Ω–∞–ª–∏–∑–æ–≤ –∫ –æ–ø–µ—Ä–∞—Ü–∏–∏ –Ω–µ –¥–∞–ª–∞ ( –ø—Ä–∏ —ç—Ç–æ–º –ø—Ä–µ–¥–≤–∞—Ä–∏—Ç–µ–ª—å–Ω–æ –ø—Ä–æ–≤–µ—Ä–∏–ª–∞ —Ç–µ, —á—Ç–æ –±—ã–ª–∏ –Ω–∞ —Ä—É–∫–∞—Ö).
–í –Ω–∞–∑–Ω–∞—á–µ–Ω–Ω—ã–π –¥–µ–Ω—å —Ç–æ–∂–µ –ø—Ä–æ–∂–¥–∞–ª–∏ –ø–æ–ª—á–∞—Å–∞ –µ—ë –≤–µ–ª–∏—á–µ—Å—Ç–≤–æ, —Ç–∞–∫ –µ—â—ë –Ω–µ —Å–∫–∞–∑–∞–ª–∞ —Å–¥–µ–ª–∞—Ç—å –∫–æ—É–ª–æ–≥—Ä–∞–º–º—É, –∞ —ç—Ç–æ –≤–∞–∂–Ω—ã–π –∞–Ω–∞–ª–∏–∑ –¥–ª—è –æ–ø–µ—Ä–∞—Ü–∏–∏, –∞ –ø–æ–ø—Ä–æ—Å–∏–ª–∞ –Ω–∞–ø–∏—Å–∞—Ç—å, —á—Ç–æ —Ä–∏—Å–∫–∏ –±–µ—Ä—É –Ω–∞ —Å–µ–±—è –∏ —Å–æ–≥–ª–∞—Å–Ω–∞ –Ω–∞ –æ–ø–µ—Ä–∞—Ü–∏—é –±–µ–∑ —ç—Ç–æ–≥–æ –∞–Ω–∞–ª–∏–∑–∞.

–°–±–µ–∂–∞–ª–∞ –æ—Ç –Ω–µ—ë.",0
"–ú–∞–ª–æ–≥—Ä–∞–º–æ—Ç–Ω—ã–π, –Ω–µ–∫–æ–º–ø–µ—Ç–µ–Ω—Ç–Ω—ã–π, —Ü–∏–Ω–∏—á–Ω—ã–π –∏ –Ω–∞–≥–ª—ã–π –≤—Ä–∞—á!!! –°–æ–±–æ–ª–µ–∑–Ω—É—é –µ–µ –±—É–¥—É—â–∏–º –ø–∞—Ü–∏–µ–Ω—Ç–∞–º",0
"–í—Ä–∞—á –ú–∞—Ä–∏–Ω–æ–≤–∞ –ù.–í., –∫ —Å–æ–∂–∞–ª–µ–Ω–∏—é, –Ω–µ —É–º–µ–µ—Ç –Ω–∏ —Å–ª—ã—à–∞—Ç—å –Ω–∏ —Å—Ç–∞–≤–∏—Ç—å –∫—Å–µ–æ–º–∏–Ω. –ò–Ω—ä–µ–∫—Ü–∏–∏ –±–æ—Ç–æ–∫—Å–∞/–∫—Å–µ–æ–º–∏–Ω–∞ –∏ –¥–∏—Å–ø–æ—Ä—Ç–∞ —è –¥–µ–ª–∞—é —É–∂–µ 4 –≥–æ–¥–∞ –∏ –≤—Å–µ–≥–¥–∞ –≤—Å–µ –±—ã–ª–æ –≤ —Ä–∞–º–∫–∞—Ö –Ω–æ—Ä–º—ã, –∏–Ω–æ–≥–¥–∞ –±—ã–≤–∞–ª–∏ –æ—Ç–µ–∫–∏, –Ω–æ –±—ã—Å—Ç—Ä–æ –ø—Ä–æ—Ö–æ–¥–∏–ª–∏ –∏ –≤ —Ü–µ–ª–æ–º –±—ã–ª–∏ –∑–∞–º–µ—Ç–Ω—ã —Ç–æ–ª—å–∫–æ –º–Ω–µ, —á–µ—Ä–µ–∑ 2 –Ω–µ–¥–µ–ª–∏ –æ–±—ã—á–Ω–æ —è –±—ã–ª–∞ —É–∂–µ –≤ –ø—Ä–µ–∫—Ä–∞—Å–Ω–æ–º –≤–∏–¥–µ –∏ –Ω–∞—Å–ª–∞–∂–¥–∞–ª–∞—Å—å —Ä–µ–∑—É–ª—å—Ç–∞—Ç–∞–º–∏. –¢–∞–∫ –±—ã–ª–æ –¥–æ –º–æ–µ–≥–æ –ø–æ—Ö–æ–¥–∞ –∫ –ù–∞—Ç–∞–ª—å–µ –í—è—á–µ—Å–ª–∞–≤–æ–≤–Ω–µ, –Ω–∞ –ø—Ä–∏–µ–º–µ —è –µ–π —Å–∫–∞–∑–∞–ª–∞, —á—Ç–æ –ø—Ä–µ–ø–∞—Ä–∞—Ç –∫—Å–µ–æ–º–∏–Ω –º–Ω–µ –ø–æ–Ω—Ä–∞–≤–∏–ª—Å—è –º–µ–Ω—å—à–µ –≤—Å–µ–≥–æ –∏ –º–Ω–µ –ø–æ–∫–∞–∑–∞–ª–æ—Å—å —á—Ç–æ –æ—Ç –Ω–µ–≥–æ –æ—Ç–µ–∫–∏ —Å–∏–ª—å–Ω–µ–µ, –Ω–æ –ù–í —É–±–µ–¥–∏–ª–∞ –º–µ–Ω—è –≤ —Ç–æ–º, —á—Ç–æ —ç—Ç–æ –±—ã–ª–∞ –ø—Ä–æ—Å—Ç–æ –Ω–µ–∫–æ—Ä—Ä–µ–∫—Ç–Ω–∞—è —Ä–∞–±–æ—Ç–∞ –¥—Ä—É–≥–æ–≥–æ –∫–æ—Å–º–µ—Ç–æ–ª–æ–≥–∞ –∏ –≤–∫–æ–ª–æ–ª–∞ –º–Ω–µ( –º–æ–ª–æ–¥–æ–π –¥–µ–≤—É—à–∫–µ —Å —Ç–æ–ª—å–∫–æ –Ω–∞–º–µ—á–∞—é—â–∏–º–∏—Å—è –∏ –µ–¥–≤–∞ –∑–∞–º–µ—Ç–Ω—ã–º–∏ –º–æ—Ä—â–∏–Ω–∫–∞–º–∏) 50(!) –µ–¥–∏–Ω–∏—Ü –∫—Å–µ–æ–º–∏–Ω–∞. –ü–æ—Å–ª–µ —ç—Ç–æ–≥–æ, –Ω–∞ 5-—ã–π –¥–µ–Ω—å –ø–æ—Å–ª–µ –∏–Ω—ä–µ–∫—Ü–∏–π –±—Ä–æ–≤–∏ —É –º–µ–Ω—è —É–ø–∞–ª–∏, –º–µ–Ω—è –±–µ—Å–ø–æ–∫–æ—è—Ç –¥–∏–∫–∏–µ –æ—Ç–µ–∫–∏, –≥–ª–∞–∑–∞ –µ–ª–µ –æ—Ç–∫—Ä—ã–≤–∞—é—Ç—Å—è –∏ –¥—Ä—É–≥–æ–π –∫–æ—Å–º–µ—Ç–æ–ª–æ–≥ –ø—Ä–∏–∑–Ω–∞–ª, —á—Ç–æ –∏ –º–µ—Å—Ç–∞ –≤–∫–æ–ª–æ–≤ –∏ –¥–æ–∑–∏—Ä–æ–≤–∫–∞ –ø—Ä–µ–ø–∞—Ä–∞—Ç–∞ –±—ã–ª–∏ –≤—ã–±—Ä–∞–Ω—ã –Ω–µ–∫–æ—Ä—Ä–µ–∫—Ç–Ω–æ. –°–µ–π—á–∞—Å —è –ø—Ä–æ—Ö–æ–∂—É —Ä–µ–∞–±–∏–ª–∏—Ç–∞—Ü–∏—é –≤ –ø–æ–ø—ã—Ç–∫–∞—Ö –≤–æ—Å—Å—Ç–∞–Ω–æ–≤–∏—Ç—å—Å—è –∏ –≤–µ—Ä–Ω—É—Ç—å –≤—Å–µ –≤ –ø—Ä–∏–ª–∏—á–Ω—ã–π –≤–∏–¥. –¢–∞–∫ —á—Ç–æ —Ç—â–∞—Ç–µ–ª—å–Ω–æ –ø–æ–¥—É–º–∞–π—Ç–µ - —Å—Ç–æ–∏—Ç –ª–∏ –∏–¥—Ç–∏ –∫ —ç—Ç–æ–º—É –≤—Ä–∞—á—É.",0
"–õ–æ–≥—É—Ç–µ–Ω–∫–æ–≤ –Æ—Ä–∏–π –í–ª–∞–¥–∏–º–∏—Ä–æ–≤–∏—á –æ—á–µ–Ω—å –≥—Ä—É–± –∏ –Ω–µ–ø—Ä–∏—è—Ç–µ–Ω –≤ –æ–±—â–µ–Ω–∏–∏. –°—á–∏—Ç–∞–µ—Ç —Å–µ–±—è —Å–∞–º—ã–º —É–º–Ω—ã–º. –ì–æ—Ä–¥—ã–Ω—è –∏–∑ –Ω–µ–≥–æ —Ç–∞–∫ –∏ –ø—Ä—ë—Ç. –î–µ–ª–∞–ª–∏ –£–ó–ò –º–∞–º–µ, –æ–Ω–∞ —Å–µ–±—è –ø–ª–æ—Ö–æ —á—É–≤—Å—Ç–≤—É–µ—Ç, –∞ –∑–∞–¥–∞—Ç—å –µ–º—É –≤–æ–ø—Ä–æ—Å –Ω–µ–≤–æ–∑–º–æ–∂–Ω–æ, –æ–Ω –ø—Ä–æ—Å—Ç–æ –≤ –æ—Ç–≤–µ—Ç –≥—Ä—É–±–∏—Ç, –≥–æ–≤–æ—Ä–∏—Ç —á—Ç–æ –≤—Å–µ –¥–µ–ª–∞–µ—Ç –ø–æ –ø—Ä–∞–≤–∏–ª–∞–º, –Ω–æ –Ω–∞ –≤–æ–ø—Ä–æ—Å—ã –Ω–µ –æ—Ç–≤–µ—á–∞–µ—Ç, –∑–∞—Å—Ç–∞–≤–ª—è–µ—Ç –ø–æ–¥–ø–∏—Å—ã–≤–∞—Ç—å –±—É–º–∞–∂–∫–∏ —Å —Ä–µ–∑—É–ª—å—Ç–∞—Ç–∞–º–∏, —Ç–æ–≥–æ –∫—Ç–æ –Ω–µ –≤ —Å–æ—Å—Ç–æ—è–Ω–∏–∏ –≤ –Ω–∞—Å—Ç–æ—è—â–∏–π –º–æ–º–µ–Ω—Ç –Ω–æ—Ä–º–∞–ª—å–Ω–æ –≤–æ—Å–ø—Ä–∏–Ω–∏–º–∞—Ç—å —á—Ç–æ-—Ç–æ. –ë–æ–ª—å—à–µ –Ω–∏–∫–æ–≥–¥–∞ –∫ –Ω–µ–º—É –Ω–µ –æ–±—Ä–∞—â—É—Å—å –∏ –≤–∞–º –Ω–µ —Å–æ–≤–µ—Ç—É—é.",0
"–ú–æ—è –¥–æ—á—å –ø–æ—Å—Ç—É–ø–∏–ª–∞ –≤ –±–æ–ª—å–Ω–∏—Ü—É –Ω–∞ —Å–æ—Ö—Ä–∞–Ω–µ–Ω–∏–µ –±–µ—Ä–µ–º–µ–Ω–Ω–æ—Å—Ç–∏ –Ω–∞ 33 –Ω–µ–¥–µ–ª–∏, –∫–æ–≥–¥–∞ –Ω–æ—á—å—é –¥–æ—á—å –æ–±—Ä–∞—Ç–∏–ª–∞—Å—å –∫ –¥–æ–∫—Ç–æ—Ä—É –∑–∞ –ø–æ–º–æ—â—å—é ,–µ–π —Å–¥–µ–ª–∞–ª–∏ –∫—Ç–≥ –∏ —Å–∫–∞–∑–∞–ª–∏ ,—á—Ç–æ —Å–µ—Ä–¥—Ü–µ —Ä–µ–±—ë–Ω–∫–∞ –±—å—ë—Ç—Å—è —Ö–æ—Ä–æ—à–æ, –Ω–æ –Ω–∞  –∂–∞–ª–æ–±—ã, –æ —Ç–æ–º —á—Ç–æ —Å–∏–ª—å–Ω–æ –±–æ–ª–∏—Ç –∂–∏–≤–æ—Ç –∏ —Ç–æ—à–Ω–∏—Ç, –≤—Ä–∞—á  —Å–∫–∞–∑–∞–ª–∞ –∏–¥–∏ –ø–æ–ª–µ–∂–∏ –≤–º–µ—Å—Ç–æ —Ç–æ–≥–æ ,—á—Ç–æ–±—ã —Å–¥–µ–ª–∞—Ç—å —É–∑–∏. –î–æ—á—å –ø—Ä–æ–º—É—á–∏–ª–∞—Å—å —Å –±–æ–ª—è–º–∏ –¥–æ –≤–µ—á–µ—Ä–∞ —Å–ª–µ–¥—É—é—â–µ–≥–æ –¥–Ω—è ,–ø–æ–∫–∞ –Ω–µ –Ω–∞—á–∞–ª–∞ —Ç–µ—Ä—è—Ç—å —Å–æ–∑–Ω–∞–Ω–∏–µ –æ—Ç –±–æ–ª–∏, —Å–æ—Å–µ–¥–∫–∞ –ø–æ –ø–∞–ª–∞—Ç–µ –ø–æ–∑–≤–∞–ª–∞ –≤—Ä–∞—á–µ–π –∏ –º–µ–¥—Å–µ—Å—Ç—Ä—É –ø–æ—Å–ª–µ —á–µ–≥–æ –≤ —Å—á–∏—Ç–∞–Ω–Ω—ã–µ –º–∏–Ω—É—Ç—ã –¥–æ—á—å –æ–∫–∞–∑–∞–ª–∞—Å—å –Ω–∞ –æ–ø–µ—Ä–∞—Ü–∏–æ–Ω–Ω–æ–º —Å—Ç–æ–ª–µ. –ü–æ –∏—Ç–æ–≥—É –≤—Å–µ–≥–æ ,–∏–∑-–∑–∞ —Ö–∞–ª–∞—Ç–Ω–æ—Å—Ç–∏ –≤—Ä–∞—á–µ–π ,–º–∞–ª—ã—à  –æ—Å—Ç–∞–ª—Å—è –∏–Ω–≤–∞–ª–∏–¥–æ–º. –ó–∞–≥—É–±–ª–µ–Ω—ã –∂–∏–∑–Ω–∏ —Ä–µ–±—ë–Ω–∫–∞ –∏ –µ–≥–æ —Ä–æ–¥–∏—Ç–µ–ª–µ–π. –¢–æ–ª—å–∫–æ –ø–æ—Ç–æ–º—É, —á—Ç–æ –Ω—É–∂–Ω–æ –±—ã–ª–æ —Å–¥–µ–ª–∞—Ç—å —Å—Ä–æ—á–Ω–æ –∏—Å—Å–ª–µ–¥–æ–≤–∞–Ω–∏–µ –∏ –≤—Å–µ –±—ã –±—ã–ª–æ –ø–æ –¥—Ä—É–≥–æ–º—É. –î–µ–≤–æ—á–∫–∏ ,–º–∏–ª—ã–µ –∫—Ç–æ –±—É–¥–µ—Ç —Ä–æ–∂–∞—Ç—å –≤ —ç—Ç–æ–º —Ä–æ–¥–¥–æ–º–µ, –µ—Å–ª–∏ –≤–∞–º –≥–æ–≤–æ—Ä—è—Ç –∏–¥–∏—Ç–µ –ø–æ–ª–µ–∂–∏—Ç–µ –æ—Ç–¥–æ—Ö–Ω–∏—Ç–µ –Ω–∞—Å—Ç–∞–∏–≤–∞–µ—Ç–µ –Ω–∞ –¥–æ–ø–æ–ª–Ω–∏—Ç–µ–ª—å–Ω–æ–º –æ—Å–º–æ—Ç—Ä–µ. –í—Ä–∞—á    –ó–ª–∞—Ç–æ—Ä—É–Ω—Å–∫–∞—è –≤–∏–Ω–æ–≤–∞—Ç–∞ –≤ –∑–∞–≥—É–±–ª–µ–Ω–Ω—ã—Ö –∂–∏–∑–Ω—è—Ö.",0
"–≤—ã–∑–≤–∞–ª–∏ –¥–æ–∫—Ç–æ—Ä–∞ –Ω–∞ –≤—ã–≤–æ–¥ –∏–∑ –∑–∞–ø–æ—è+ –∫–æ–¥–∏—Ä–æ–≤–∫–∞ –Ω–∞ 24 –º–µ—Å—è—Ü–∞. –æ–±–≥–æ–≤–æ—Ä–µ–Ω–Ω–∞—è —Ü–µ–Ω–∞ –±—ã–ª–∞ 12 —Ç.—Ä. –ø–æ –ø—Ä–∏–µ–∑–¥—É –¥–≤—É—Ö –¥–µ–≤—É—à–µ–∫ —Å–∫–∞–∑–∞–ª–∏, —á—Ç–æ –Ω–µ–ª—å–∑—è –∫–æ–¥–∏—Ä–æ–≤–∞—Ç—å —Ç.–∫. –ø–∏–ª–∞ —Å–µ–≥–æ–¥–Ω—è. –∏ –ø—Ä–µ–¥–ª–æ–∂–∏–ª–∏ —Å—Ç–∞—Ü–∏–æ–Ω–∞—Ä 3 –¥–Ω—è –ø–æ 10000—Ä –∏–ª–∏ –∑–∞–∫–∞–ø–∞—Ç—å –ø—Ä–æ—Å—Ç—É—é –∫–∞–ø–µ–ª—å–Ω–∏—Ü—É –∑–∞ 12 —Ç.—Ä. –∫–æ–≥–¥–∞ –º—ã –æ—Ç–∫–∞–∑–∞–ª–∏—Å—å —Ç–æ –∑–∞–ø—Ä–æ—Å–∏–ª–∏ 2500—Ä —ç—Ç–æ –ø—Ä–∏ —Ç–æ–º, —á—Ç–æ –≤ –∫–æ–ª–ª —Ü–µ–Ω—Ç—Ä–µ –ø–æ–∑–∂–µ –Ω–∞–º –Ω–∞–∑—ã–≤–∞–ª–∏ —Å—Ç–æ–∏–º–æ—Å—Ç—å –∑–∞ –≤—ã–µ–∑–¥ –≤—Å–µ–≥–æ 1500—Ä.",0
"–ü–æ—Å–µ—â–∞–ª–∞ —Å—Ç–æ–º–∞—Ç–æ–ª–æ–≥–∏—é –ø–æ –î–ú–° –∏ –ø–æ–ø–∞–ª–∞ –Ω–∞ –ø—Ä–∏—ë–º –∫ –¥–∞–Ω–Ω–æ–º—É –≤—Ä–∞—á—É. –ü—Ä–∏—à–ª–∞ —Å –ø—Ä–æ–±–ª–µ–º–æ–π - –∫–∞—Ä–∏–µ—Å. –°–¥–µ–ª–∞–ª–∏ —Å–Ω–∏–º–æ–∫, –ø–æ—Å–ª–µ –∫–æ—Ç–æ—Ä–æ–≥–æ –Æ–ª–∏—è –º–Ω–µ —Å–æ–æ–±—â–∏–ª–∞, —á—Ç–æ –∫–∞—Ä–∏–µ—Å–∞ –Ω–µ—Ç, —ç—Ç–æ –ø—Ä–æ—Å—Ç–æ —Å—Ç–∞—Ä—ã–µ –ø–ª–æ–º–±—ã –∏ –µ–µ –Ω–µ —Å–º—É—Ç–∏–ª —Ç–æ—Ç —Ñ–∞–∫—Ç, —á—Ç–æ —É –º–µ–Ω—è —É–∂–µ –≤ –¥–≤—É—Ö –∑—É–±–∞—Ö –¥—ã—Ä–∫–∏, –∞ –≤ –æ–¥–Ω–æ–º –∑—É–±–µ –≤–æ–∑–Ω–∏–∫–∞–ª–∏ –±–æ–ª–µ–≤—ã–µ –æ—â—É—â–µ–Ω–∏—è –ø—Ä–∏ –æ—Å–º–æ—Ç—Ä–µ, –Ω–æ –Ω–µ—Ç, –Æ–ª–∏—è —É—Ç–≤–µ—Ä–∂–¥–∞–ª–∞, —á—Ç–æ —ç—Ç–æ –ø—Ä–æ—Å—Ç–æ —Å—Ç–∞—Ä—ã–µ –ø–ª–æ–º–±—ã –∏ –≤—Å–µ –≤ –ø–æ—Ä—è–¥–∫–µ, –º–æ–∂–Ω–æ –∏—Ö –ø–æ–º–µ–Ω—è—Ç—å –≤ –∫–æ—Å–º–µ—Ç–∏—á–µ—Å–∫–∏—Ö —Ü–µ–ª—ã—Ö, —á—Ç–æ –∫–æ–Ω–µ—á–Ω–æ –∂–µ, –Ω–µ –≤—Ö–æ–¥–∏—Ç –≤ —Å—Ç—Ä–∞—Ö–æ–≤–∫—É. –í–æ—Ç —Ç–∞–∫, –æ—Ç—à–∏–ª–∏ –º–µ–Ω—è –ø—Ä–æ—Å—Ç–æ –Ω–∞–ø—Ä–æ—Å—Ç–æ. –î–µ–Ω—å–≥–∏ –ø–ª–∞—Ç–∏—Ç—å –Ω–µ –±—É–¥–µ—à—å, —Ç–æ–≥–¥–∞ –∏ —Ö–æ—Ä–æ—à–æ –≤—Å–µ —É —Ç–µ–±—è, –Ω–∏–∫–∞–∫–æ–≥–æ –∫–∞—Ä–∏–µ—Å–∞, –∑—É–±—ã –∑–¥–æ—Ä–æ–≤—ã. –û–±—è–∑–∞—Ç–µ–ª—å–Ω–æ –æ–±—Ä–∞—â—É—Å—å –≤ –¥—Ä—É–≥—É—é –∫–ª–∏–Ω–∏–∫—É –¥–ª—è —É—Å—Ç—Ä–∞–Ω–µ–Ω–∏—è –ø—Ä–æ–±–ª–µ–º —Å –∑—É–±–∞–º–∏, –≤–æ—Ç —É–≤–µ—Ä–µ–Ω–∞ –¥—Ä—É–≥–æ–π —Å—Ç–æ–º–∞—Ç–æ–ª–æ–≥ –ø–æ—Å—á–∏—Ç–∞–µ—Ç –Ω—É–∂–Ω—ã–º –æ—Å—É—â–µ—Å—Ç–≤–∏—Ç—å –ª–µ—á–µ–Ω–∏–µ. –í—ã—à–ª–∞ —Å –Ω–µ–ø—Ä–∏—è—Ç–Ω—ã–º –æ—Å–∞–¥–∫–æ–º, –æ—á–µ–Ω—å –∂–∞–ª—å –ø–æ—Ç—Ä–∞—á–µ–Ω–Ω–æ–≥–æ –≤—Ä–µ–º–µ–Ω–∏, –Ω–æ –º–æ–∂–µ—Ç –∏ –∫ –ª—É—á—à–µ–º—É, —á—Ç–æ  –º–æ–µ –ª–µ—á–µ–Ω–∏–µ –Ω–µ —É–¥–∞–ª–æ—Å—å, –ø–æ—Å–∫–æ–ª—å–∫—É –≤ –ø—Ä–æ—Ñ–µ—Å—Å–∏–æ–Ω–∞–ª–∏–∑–º–µ –¥–∞–Ω–Ω–æ–≥–æ —Å—Ç–æ–º–∞—Ç–æ–ª–æ–≥–∞ —è –æ—á–µ–Ω—å —Å–æ–º–Ω–µ–≤–∞—é—Å—å (–Ω–µ—É–≤–µ—Ä–µ–Ω–Ω–æ –æ–Ω–∞ –æ–ø—Ä–µ–¥–µ–ª—è–ª–∞ –Ω–æ–º–µ—Ä–∞ –∑—É–±–æ–≤, –Ω–µ –º–æ–≥–ª–∞ –æ–ø—Ä–µ–¥–µ–ª–∏—Ç—å—Å—è –≤—Å—ë-—Ç–∞–∫–∏ –µ—Å—Ç—å –∫–∞—Ä–∏–µ—Å –∏–ª–∏ –Ω–µ—Ç, –∞ –Ω–∞ –º–æ–º–µ–Ω—Ç —Å –¥—ã—Ä–∫–æ–π –∏ –±–æ–ª–µ–≤—ã–º–∏ –æ—â—É—â–µ–Ω–∏—è–º–∏ - –≤—ã–∫—Ä—É—Ç–∏–ª–∞—Å—å). –Ø –≤–æ–∑–º—É—â–µ–Ω–∞ –∏ –Ω–∏ –≤ –∫–æ–µ–º —Å–ª—É—á–∞–µ –Ω–µ —Ä–µ–∫–æ–º–µ–Ω–¥—É—é –∫ –ø–æ—Å–µ—â–µ–Ω–∏—é –ö–∞—Ç–∞—à–æ–≤—É –Æ–ª–∏—é –í–∏—Ç–∞–ª—å–µ–≤–Ω—É!",0
"–ú–Ω–µ –æ—á–µ–Ω—å –ø–æ–≤–µ–∑–ª–æ, —á—Ç–æ –≤–µ–¥–µ—Ç –º–µ–Ω—è –¥—Ä—É–≥–æ–π –≤—Ä–∞—á, –∞ –∫ –Ω–µ–π —è –ø–æ–ø–∞–ª–∞ –æ–¥–∏–Ω —Ä–∞–∑, –ø–æ—Ç–æ–º—É —á—Ç–æ –±–æ–ª—å—à–µ –±—ã–ª–æ –Ω–µ –∫ –∫–æ–º—É‚Ä¶ –£–≤–∏–¥–µ–ª–∞ –∞–¥–µ–Ω–æ–º–∏–æ–∑, –∫–æ—Ç–æ—Ä–æ–≥–æ —É –º–µ–Ω—è –Ω–µ—Ç, —Ä—É–±–µ—Ü –Ω–∞ —ç–Ω–¥–æ–º–µ—Ç—Ä–∏–∏, –∫–æ—Ç–æ—Ä–æ–≥–æ —Ç–æ–∂–µ –Ω–µ—Ç, –ø–æ—Ç–æ–º –≤–æ–æ–±—â–µ —Å–∫–∞–∑–∞–ª–∞, —á—Ç–æ —ç–Ω–¥–æ–º–µ—Ç—Ä–∏–π —É –º–µ–Ω—è –ø–æ–≤—Ä–µ–∂–¥–µ–Ω! –°–∫–∞–∑–∞–ª–∞, —á—Ç–æ –∫–∏—Å—Ç–∞ –ñ–¢, –∫–æ—Ç–æ—Ä—É—é —è –∫–∞–∫ —Ä–∞–∑ –ø—Ä–∏—à–ª–∞ –ø–æ—Å–º–æ—Ç—Ä–µ—Ç—å –Ω–∞ –ø—Ä–µ–¥–º–µ—Ç –ø–æ–ª–æ–∂–∏—Ç–µ–ª—å–Ω–æ–π –¥–∏–Ω–∞–º–∏–∫–∏, –õ–û–ü–ù–£–õ–ê, —á–µ–º –º–µ–Ω—è –Ω–∞–ø—É–≥–∞–ª–∞. –ü–æ—Ç–æ–º—É —á—Ç–æ —É –º–µ–Ω—è –±—ã–ª–∞ —Ç–∞–∫–∞—è —Å–∏—Ç—É–∞—Ü–∏—è –∏ –∑–∞–∫–æ–Ω—á–∏–ª–∞—Å—å –æ–Ω–∞ –ª–∞–ø–∞—Ä–æ—Ç–æ–º–∏–µ–π. –ü–æ—Ç–æ–º, –±–ª–∞–≥–æ–¥–∞—Ä—è —Ç–æ–º—É, —á—Ç–æ —è –µ—ë —Å–∞–º–∞ –∏—Å–ø—Ä–∞–≤–∏–ª–∞, –Ω–∞–ø–∏—Å–∞–ª–∞, —á—Ç–æ –∫–∏—Å—Ç–∞ –≤ —Ä–µ–≥—Ä–µ—Å—Å–µ. –û—á–µ–Ω—å –¥–æ–ª–≥–æ —É–∂–∞—Å–∞–ª–∞—Å—å, —á—Ç–æ —è –ø—Ä–∏—à–ª–∞ –∫ –Ω–µ–π –≤–æ –≤—Ä–µ–º—è –º–µ—Å—è—á–Ω—ã—Ö, –∑–∞–≥–ª—è–¥—ã–≤–∞–ª–∞ —Ç—É–¥–∞ –∏ –≤–æ–∑–º—É—â–∞–ª–∞—Å—å, —Å–∫–æ–ª—å–∫–æ –∫—Ä–æ–≤–∏, –∞ –º–Ω–µ –Ω—É–∂–Ω–æ –±—ã–ª–æ –∏–º–µ–Ω–Ω–æ –≤ —ç—Ç–æ—Ç –¥–µ–Ω—å! –Ø –≥–æ—Ç–æ–≤–ª—é—Å—å –∫ –∫—Ä–∏–æ–ø–µ—Ä–µ–Ω–æ—Å—É –∏ –º–Ω–µ —Å 4-–≥–æ –¥–Ω—è —Ü–∏–∫–ª–∞ –Ω—É–∂–Ω–æ –±—ã–ª–æ –Ω–∞—á–∞—Ç—å –ø—Ä–µ–ø–∞—Ä–∞—Ç—ã, –∞ –¥–ª—è —ç—Ç–æ–≥–æ –Ω—É–∂–Ω–æ –±—ã–ª–æ —É–∑–Ω–∞—Ç—å, —Ä–∞—Å—Å–∞—Å—ã–≤–∞–µ—Ç—Å—è –ª–∏ –∫–∏—Å—Ç–∞! –û —á–µ–º —è –ø—ã—Ç–∞–ª–∞—Å—å –µ–π —Å–∫–∞–∑–∞—Ç—å, –Ω–æ –æ–Ω–∞ –ø–µ—Ä–µ–±–∏–≤–∞–ª–∞, —É—Ç–≤–µ—Ä–∂–¥–∞—è, —á—Ç–æ –Ω–µ–ª—å–∑—è –≤ —ç—Ç–∏ –¥–Ω–∏ –ø—Ä–∏—Ö–æ–¥–∏—Ç—å! –ò–¥—Ç–∏ –∫ –Ω–µ–π –Ω–µ —Å–æ–≤–µ—Ç—É—é, –ø–æ –∫—Ä–∞–π–Ω–µ–π –º–µ—Ä–µ –Ω–∞ —É–∑–∏, –∞ –µ—Å–ª–∏ —Ç–∞–∫ –ø–æ–ª—É—á–∏–ª–æ—Å—å, —á—Ç–æ –ø–æ–ø–∞–ª–∏, –ª—É—á—à–µ —Å—Ö–æ–¥–∏—Ç–µ –µ—â–µ –∫ –¥—Ä—É–≥–æ–º—É, —á—Ç–æ–± –ø–µ—Ä–µ–ø—Ä–æ–≤–µ—Ä–∏—Ç—å.",0
"–û–±—Ä–∞—Ç–∏–ª—Å—è –∫ –¥–æ–∫—Ç–æ—Ä—É —Å –ø—Ä–æ—Å—å–±–æ–π –∑–∞–º–µ–Ω–∏—Ç—å ""–ë–∏—Å–æ–ø—Ä–æ–ª–æ–ª"" –Ω–∞ –∞–Ω–∞–ª–æ–≥–∏—á–Ω—ã–π –ø—Ä–µ–ø–∞—Ä–∞—Ç, —Å–Ω–∏–∂–∞—é—â–∏–π –ß–°–°, –Ω–æ –±–µ–∑ –ø–æ–±–æ—á–Ω–æ–≥–æ –¥–µ–π—Å—Ç–≤–∏—è - –≤–ª–∏—è–Ω–∏—è –Ω–∞ –ø–æ—Ç–µ–Ω—Ü–∏—é. –î–æ–∫—Ç–æ—Ä –ø—Ä–æ–≤–µ–ª –ø–æ–¥—Ä–æ–±–Ω–æ–µ –æ–±—Å–ª–µ–¥–æ–≤–∞–Ω–∏–µ, –∞–Ω–∞–ª–∏–∑, —Ö–æ–ª—Ç–µ—Ä, –£–ó–ò —Å–µ—Ä–¥—Ü–∞, –∫–∞—Ä–¥–∏–æ–≥—Ä–∞–º–º—É –ø–æ–¥ –Ω–∞–≥—Ä—É–∑–∫–æ–π –∏ –≤—ã–ø–∏—Å–∞–ª ""–°–æ—Ç–∞–≥–µ–∫—Å–∞–ª"". –°–∫–∞–∑–∞–ª –º–æ–Ω–∏—Ç–æ—Ä–∏—Ç—å —Ä–∏—Ç–º 5 –¥–Ω–µ–π –∏ —Å–æ–æ–±—â–∏—Ç—å –¥–∞–Ω–Ω—ã–µ –¥–ª—è –∫–æ—Ä—Ä–µ–∫—Ç–∏—Ä–æ–≤–∫–∏ –¥–æ–∑—ã.
 –†–∏—Ç–º –≤—Å–µ —ç—Ç–æ –≤—Ä–µ–º—è –±—ã–ª –Ω–µ—Å—Ç–∞–±–∏–ª—å–Ω—ã–π –∏ –ø–æ–≤—ã—à–µ–Ω–Ω—ã–π, –≤ –æ—Å–Ω–æ–≤–Ω–æ–º 75-90 –≤ –ø–æ–∫–æ–µ. –ù–∞ ""–ë–∏—Å–æ–ø—Ä–æ–ª–æ–ª–µ"" –±—ã–ª–æ –Ω–∞–º–Ω–æ–≥–æ –ª—É—á—à–µ.
 –Ø —Å–æ–æ–±—â–∏–ª –¥–æ–∫—Ç–æ—Ä—É —ç—Ç—É –∏–Ω—Ñ–æ—Ä–º–∞—Ü–∏—é, –∑–∞–æ–¥–Ω–æ –∑–∞–¥–∞–≤ –µ—â–µ –æ–¥–∏–Ω –≤–æ–ø—Ä–æ—Å: –∏–º–µ–µ—Ç –ª–∏ —Å–º—ã—Å–ª –≤ –º–æ–µ–º —Å–ª—É—á–∞–µ –∏—Å–ø–æ–ª—å–∑–æ–≤–∞—Ç—å –¥—Ä—É–≥–∏–µ –ø—Ä–µ–ø–∞—Ä–∞—Ç—ã, –ø–æ—Ç–æ–º—É —á—Ç–æ —É ""–°–æ—Ç–∞–≥–µ–∫—Å–∞–ª–∞"" –≤ –ø–æ–±–æ—á–∫–∞—Ö —Ç–æ–∂–µ —É–∫–∞–∑–∞–Ω–æ –≤–ª–∏—è–Ω–∏–µ –Ω–∞ –ø–æ—Ç–µ–Ω—Ü–∏—é. –í –æ—Ç–≤–µ—Ç –Ω–∞ —ç—Ç–æ –¥–æ–∫—Ç–æ—Ä –ø—Ä–æ—Å—Ç–æ –≤—Å–ø—ã–ª–∏–ª, —Å–∫–∞–∑–∞–ª, —á—Ç–æ –≤—Å–µ –≤–ª–∏—è—é—Ç, –∏ —Ä–∞—Å–ø—Ä–æ—â–∞–ª—Å—è (–±—É–∫–≤–∞–ª—å–Ω–æ!). –Ø –ø–æ–ø—ã—Ç–∞–ª—Å—è –∞–∫–∫—É—Ä–∞—Ç–Ω–æ —Å–ø—Ä–æ—Å–∏—Ç—å, —á—Ç–æ –∂–µ –º–Ω–µ –¥–µ–ª–∞—Ç—å —Å –¥–æ–∑–∏—Ä–æ–≤–∫–æ–π ""–°–æ—Ç–∞–≥–µ–∫—Å–∞–ª–∞"", –æ–±—ä—è—Å–Ω–∏–ª, —á—Ç–æ –∫–∞—á–µ—Å—Ç–≤–æ –∂–∏–∑–Ω–∏ —É –º–µ–Ω—è —Å–Ω–∏–∑–∏–ª–æ—Å—å –ø–æ —Å—Ä–∞–≤–Ω–µ–Ω–∏—é —Å ""–ë–∏—Å–æ–ø—Ä–æ–ª–æ–ª–æ–º"". –î–æ–∫—Ç–æ—Ä –æ—Ç–≤–µ—Ç–∏–ª ""–ø—Ä–æ–¥–æ–ª–∂–∏—Ç—å –ø—Ä–∏–µ–º –ø—Ä–µ–ø–∞—Ä–∞—Ç–∞"" –∏ –ø—Ä–µ–∫—Ä–∞—Ç–∏–ª –æ–±—â–µ–Ω–∏–µ (!). –¢–æ –µ—Å—Ç—å –ø—Ä–æ—Å—Ç–æ –±—É–∫–≤–∞–ª—å–Ω–æ –ø—Ä–µ–∫—Ä–∞—Ç–∏–ª –æ—Ç–≤–µ—á–∞—Ç—å. –°—á–∏—Ç–∞—é —Ç–∞–∫–æ–µ –ø–æ–≤–µ–¥–µ–Ω–∏–µ –∞–±—Å–æ–ª—é—Ç–Ω–æ –Ω–µ–¥–æ–ø—É—Å—Ç–∏–º—ã–º. B —Ä–µ–∑—É–ª—å—Ç–∞—Ç–µ –ø–æ—Ç—Ä–∞—Ç–∏–ª –º–∞—Å—Å—É –≤—Ä–µ–º–µ–Ω–∏ –Ω–∞ –æ–±—Å–ª–µ–¥–æ–≤–∞–Ω–∏—è –∏ –ø–æ–ª—É—á–∏–ª –∞–±—Å–æ–ª—é—Ç–Ω–æ –Ω–µ—Ä–∞–±–æ—á–∏–π —Ä–µ—Ü–µ–ø—Ç –∏ —Å–æ–æ—Ç–≤–µ—Ç—Å—Ç–≤—É—é—â–µ–µ –º–æ—Ä–∞–ª—å–Ω–æ–µ —Å–æ—Å—Ç–æ—è–Ω–∏–µ –æ—Ç –æ–±—â–µ–Ω–∏—è.",0
"–ë—ã–ª –Ω–∞ –ø–µ—Ä–≤–∏—á–Ω–æ–º –ø—Ä–∏–µ–º–µ —É –ì–∞—Ä—è –ê–ª–µ–∫—Å–∞–Ω–¥—Ä–∞ –í–∞–ª–µ—Ä—å–µ–≤–∏—á–∞ –≤ –∫–ª–∏–Ω–∏–∫–µ ""–ó–î–†–ê–í–°–¢–í–£–ô!"". –ú–Ω–µ –Ω–µ –ø–æ–Ω—Ä–∞–≤–∏–ª–æ—Å—å –∏ –∂–µ–ª–∞–Ω–∏–µ –ª–µ—á–∏—Ç—å—Å—è –≤ —ç—Ç–æ–π –∫–ª–∏–Ω–∏–∫–µ –ø—Ä–æ–ø–∞–ª–æ. –ö–æ–≥–¥–∞ –∑–∞–¥–∞—ë—à—å –≤–æ–ø—Ä–æ—Å—ã , —é–ª–∏—Ç –∏ —É—Ö–æ–¥–∏—Ç –æ—Ç –æ—Ç–≤–µ—Ç–∞. –§–æ—Ä–º–∞—Ç —Ç–∞–∫–æ–π - –µ—Å–ª–∏ –≤—ã –Ω–µ –æ–ø–ª–∞—á–∏–≤–∞–µ—Ç–µ –∞–Ω–∞–ª–∏–∑—ã –∏ –ª–µ—á–µ–Ω–∏–µ –≤ –Ω–∞—à–µ–π –∫–ª–∏–Ω–∏–∫–µ, —Ç–æ —Ä–∞–∑–≥–æ–≤–æ—Ä–∞ –Ω–µ –±—É–¥–µ—Ç. –ê–Ω–∞–ª–∏–∑ –∫—Ä–æ–≤–∏ –∏–∑ –≤–æ—Å—å–º–∏ –ø–æ–∑–∏—Ü–∏–π —Å—Ç–æ–∏—Ç 7.670—Ä. –ü—Ä–æ—Ü–µ–¥—É—Ä—ã –æ—Å—Ç–µ–æ–ø–∞—Ç–∞ –∏–∑ —Ç—Ä—ë—Ö —Å–µ–∞–Ω—Å–æ–≤ 25.500 —Ä.
–ò –∫–ª–∏–Ω–∏–∫–∞ –ø—Ä–æ–ø–∞–≥–∞–Ω–¥–∏—Ä—É–µ—Ç –ø–æ–¥–ø–∏—Å–∞—Ç—å—Å—è –Ω–∞ –Ω–∏—Ö , –ø–∏—Å–∞—Ç—å –ø–æ–ª–æ–∂–∏—Ç–µ–ª—å–Ω—ã–µ –æ—Ç–∑—ã–≤—ã , –∑–∞ –∫–æ—Ç–æ—Ä—ã–µ –ª—é–¥–∏ –±—É–¥—É—Ç –ø–æ–ª—É—á–∞—Ç—å –±–æ–Ω—É—Å—ã, –∞ –ø–æ—Ç–æ–º –∏–º–∏ –º–æ–∂–Ω–æ —Ä–∞—Å–ø–ª–∞—á–∏–≤–∞—Ç—å—Å—è.
–ü–æ–∂–∞–ª–µ–ª, —á—Ç–æ –æ–±—Ä–∞—Ç–∏–ª—Å—è –≤ —ç—Ç—É –∫–ª–∏–Ω–∏–∫—É , –∫ —ç—Ç–æ–º—É —Å–ø–µ—Ü–∏–∞–ª–∏—Å—Ç—É. –Ø –Ω–∏–∫–∞–∫–æ–π –Ω—É–∂–Ω–æ–π –∏–Ω—Ñ–æ—Ä–º–∞—Ü–∏–∏ –Ω–µ –ø–æ–ª—É—á–∏–ª. –ü–æ—Ç–µ—Ä—è–Ω–Ω–æ–µ –≤—Ä–µ–º—è –∏ –¥–µ–Ω—å–≥–∏.",0
"–ë—ã–ª–∞ —É –ú–æ—Ä–æ–∑–æ–≤–æ–π –õ. –Æ. –û–Ω–∞ –µ—â—ë –ø–æ–¥—Ä–∞–±–∞—Ç—ã–≤–∞–µ—Ç –¥–æ–º–∞,  –æ—Å—Ç–∞–ª–∞—Å—å –∫—Ä–∞–π–Ω–µ –Ω–µ –¥–æ–≤–æ–ª—å–Ω–∞ –ø—Ä–æ–≤–µ–¥—ë–Ω–Ω–æ–π –ø—Ä–æ—Ü–µ–¥—É—Ä–æ–π –≤–≤–µ–¥–µ–Ω–∏—è —Ñ–∏–ª–ª–µ—Ä–æ–≤ –≤ –Ω–æ—Å–æ—Å–ª–µ–∑–Ω—É—é –±–æ—Ä–æ–∑–¥—É, —á–µ—Ä–µ–∑ —Ç—Ä–∏ –¥–Ω—è –ª–∏—Ü–æ —É–ø–∞–ª–æ –∏ –æ–±–≤–∏—Å–ª–æ, –≤—Å—ë –æ–ø—É—Å—Ç–∏–ª–æ—Å—å –≤ –Ω–∏–∑, –æ–±—Ä–∞–∑–æ–≤–∞–ª–∏—Å—å –≤–∞–ª–∏–∫–∏ –≤ –Ω–∏–∑—É –ø–æ–¥ –≥–ª–∞–∑–∞–º–∏, –≤ —Ä–µ–∑—É–ª—å—Ç–∞—Ç–µ –ø–æ—è–≤–∏–ª–∏—Å—å –¥–≤–æ–π–Ω—ã–µ –º–µ—à–∫–∏, –∑–∞—Ç–µ–º –æ–Ω–∞ –ø—Ä–∏–≥–ª–∞—Å–∏–ª–∞ –µ—â—ë –Ω–∞ –æ–¥–Ω—É –ø—Ä–æ—Ü–µ–¥—É—Ä—É, —Ä–∞—Å—Ç–≤–æ—Ä–µ–Ω–∏–µ —Ñ–∏–ª–ª–µ—Ä–∞, –æ–±—ä—è—Å–Ω–∏–≤ –º–Ω–µ —á—Ç–æ –ø–æ—Å–ª–µ –≤—Å—ë –≤—Å—Ç–∞–Ω–µ—Ç –Ω–∞ —Å–≤–æ–∏ –º–µ—Å—Ç–∞, –Ω–æ –∫ —Å–æ–∂–∞–ª–µ–Ω–∏—é —á—É–¥–∞ –Ω–µ —Å–ª—É—á–∏–ª–æ—Å—å, –ø–æ—Å–ª–µ —ç—Ç–æ–π –ø—Ä–æ—Ü–µ–¥—É—Ä—ã, –ª–∏—Ü–æ —Å–æ–≤—Å–µ–º –ø—Ä–µ–≤—Ä–∞—Ç–∏–ª–æ—Å—å –≤ —Ç—Ä—è–ø–∫—É, –æ–±—Ä–∞–∑–æ–≤–∞–ª–∏—Å—å –≤–ø–∞–¥–∏–Ω—ã  , —Ä—É–±—Ü—ã, –º–µ—à–∫–∏ –ø–æ–¥ –≥–ª–∞–∑–∞–º–∏, —Å–∏–Ω—è–∫–∏ —Ñ–∏–æ–ª–µ—Ç–æ–≤–æ–≥–æ —Ü–≤–µ—Ç–∞ –Ω–µ –ø—Ä–æ—Ö–æ–¥—è—Ç —É–∂–µ –ø–æ–ª—Ç–æ—Ä–∞ –º–µ—Å—è—Ü–∞, –Ω–µ —Ä–µ–∫–æ–º–µ–Ω–¥—É—é —ç—Ç–æ–≥–æ –≤—Ä–∞—á–∞, –æ–Ω–∞ –Ω–µ –ø—Ä–æ—Ñ–µ—Å—Å–∏–æ–Ω–∞–ª –≤ –∫–æ—Å–º–µ—Ç–æ–ª–æ–≥–∏–∏.",0
"–ì—Ä—É–±–∏—è–Ω –∏ —Ö–∞–º, –∑–∞–Ω–æ—Å—á–∏–≤—ã–π, –Ω–µ–≤–Ω–∏–º–∞—Ç–µ–ª—å–Ω—ã–π. –•–∞–º–∏—Ç —Ç–µ–º, –∫—Ç–æ –µ–º—É –æ—Ç–≤–µ—Ç–∏—Ç—å –Ω–µ –º–æ–∂–µ—Ç (–∂–µ–Ω—â–∏–Ω–∞–º, –º–æ–ª–æ–¥—ã–º –ø–∞—Ä–Ω—è–º, –ø–æ–¥—Ä–æ—Å—Ç–∫–∞–º). –í —Ä–µ–∞–ª—å–Ω–æ–π —Ä–∞–±–æ—Ç–µ –≤ –∑–∞–ª–µ –∑–∞ –≤—Å–µ –≤—Ä–µ–º—è –≤–æ–æ–±—â–µ —è –µ–≥–æ –Ω–µ –≤–∏–¥–µ–ª–∞, –Ω–æ –¥–∞–∂–µ –ø—Ä–∏—Å—Ç–µ–≥–Ω—É—Ç—å –º–∞–Ω–∂–µ—Ç—ã –∫ —Ç—Ä–µ–Ω–∞–∂—ë—Ä—É –ª—é–¥—è–º –≤ –∫–æ–Ω—Ü–µ —Ç—Ä–µ–Ω–∏—Ä–æ–≤–∫–∏, –¥–∞–∂–µ —Å —ç—Ç–æ–π –∑–∞–¥–∞—á–µ–π –æ–Ω –Ω–µ –≤ —Å–æ—Å—Ç–æ—è–Ω–∏–∏ —Å–ø—Ä–∞–≤–∏—Ç—å—Å—è. –í—ã–≥–ª—è–¥–∏—Ç —Ç–∞–∫ –ê–ª–µ–∫—Å–µ–π –ê–ª–µ–∫—Å–µ–µ–≤–∏—á, –±—É–¥—Ç–æ —Å–Ω–∏—Å—Ö–æ–¥–∏—Ç –¥–æ –ª—é–¥–µ–π, –±–æ–ª—å—à–æ–µ –æ–¥–æ–ª–∂–µ–Ω–∏–µ –∏–º –¥–µ–ª–∞–µ—Ç. –ü–∏—à—É –æ—Ç—Ä–∏—Ü–∞—Ç–µ–ª—å–Ω—ã–π –æ—Ç–∑—ã–≤ –ø–æ—Å–ª–µ —Ç–æ–≥–æ, –∫–∞–∫ –æ–Ω –Ω–∞–≥—Ä—É–±–∏–ª –º–æ–µ–º—É —Ä–µ–±–µ–Ω–∫—É –∏ –Ω–µ —Å–º–æ–≥ –Ω–æ—Ä–º–∞–ª—å–Ω–æ –≤—ã–ø–æ–ª–Ω–∏—Ç—å —Å–≤–æ—é –Ω–µ–∑–∞—Ç–µ–π–ª–∏–≤—É—é —Ä–∞–±–æ—Ç—É. –ó–∞ –¥–µ–Ω—å –¥–æ —ç—Ç–æ–≥–æ –æ–Ω –Ω–∞–≥—Ä—É–±–∏–ª –º–Ω–µ. –ê —Ç–∞–∫–∂–µ –Ω–∞—á–∏–Ω–∞—é—â–µ–º—É —Ç—Ä–µ–Ω–∏—Ä–æ–≤–∞—Ç—å—Å—è –º–æ–ª–æ–¥–æ–º—É –ø–∞—Ä–Ω—é. –ê–ª–µ–∫—Å–µ–π –ê–ª–µ–∫—Å–µ–µ–≤–∏—á –¥–æ–ª–∂–µ–Ω –±—ã–ª –æ–±—ä—è—Å–Ω–∏—Ç—å –µ–º—É, –∫–∞–∫ –ø—Ä–∞–≤–∏–ª—å–Ω–æ –≤—ã–ø–æ–ª–Ω–∏—Ç—å —É–ø—Ä–∞–∂–Ω–µ–Ω–∏–µ. –ü–∞—Ä–µ–Ω—å –Ω–µ—Å–∫–æ–ª—å–∫–æ —Ä–∞–∑ –ø—Ä–æ—Å–∏–ª –ê–Ω—Ç–æ–Ω–æ–≤–∞ —Å–∫–∞–∑–∞—Ç—å, –∫–∞–∫ –≤—ã–ø–æ–ª–Ω—è—Ç—å —É–ø—Ä–∞–∂–Ω–µ–Ω–∏–µ, –Ω–æ –ê–Ω—Ç–æ–Ω–æ–≤ –±—ã–ª —Å—Ç–æ–µ–∫, –Ω–∏ —Å–ª–æ–≤–∞ –ø—Ä–æ —É–ø—Ä–∞–∂–Ω–µ–Ω–∏–µ —Ç–∞–∫ –∏ –Ω–µ —Å–∫–∞–∑–∞–ª. –ü–æ—Å–ª–µ —á–µ–≥–æ —Ç—Ä–µ–Ω–∏—Ä—É—é—â–∏–π—Å—è –ø–æ–ø—Ä–æ—Å–∏–ª –ê–Ω—Ç–æ–Ω–æ–≤–∞ –±–æ–ª—å—à–µ –Ω–µ –±—Ä–∞—Ç—å –µ–≥–æ –ª–∏—Å—Ç–æ–∫, —Ä–∞–∑ –æ–Ω –Ω–µ —Ö–æ—á–µ—Ç —Å –Ω–∏–º –∑–∞–Ω–∏–º–∞—Ç—å—Å—è.
–í –æ–±—â–µ–º, –ê–Ω—Ç–æ–Ω–æ–≤ –≤—ã–≥–ª—è–¥–∏—Ç –∫–∞–∫ —á–µ–ª–æ–≤–µ–∫ —Å–ª–∏—à–∫–æ–º –≤–µ–ª–∏–∫–∏–π, —á—Ç–æ–±—ã –æ—Ç–≤–µ—á–∞—Ç—å –Ω–∞ –≤–æ–ø—Ä–æ—Å—ã —Ç—Ä–µ–Ω–∏—Ä—É—é—â–∏—Ö—Å—è.",0
"–ë—ã–ª–∞ —Ç–∞–∫–æ–≥–æ —Ö–æ—Ä–æ—à–µ–≥–æ –º–Ω–µ–Ω–∏—è –æ –∫–ª–∏–Ω–∏–∫–µ! –ù–æ! 18 –∞–≤–≥—É—Å—Ç–∞ 2023 –≥–æ–¥–∞ —Å —Ä–µ–∑—É–ª—å—Ç–∞—Ç–∞–º–∏ –ø–æ—Å–ª–µ —Ö–æ–ª—Ç–µ—Ä–∞ –ø–æ–ø–∞–ª–∞ –Ω–∞ –ø—Ä–∏—ë–º –∫ –≤—Ä–∞—á—É –∫–∞—Ä–¥–∏–æ–ª–æ–≥—É –≤ –æ–Ω–∫–æ–ª–æ–≥–∏—á–µ—Å–∫—É—é –±–æ–ª—å–Ω–∏—Ü—É –¥–ª—è –ø–æ–¥—Ç–≤–µ—Ä–∂–¥–µ–Ω–∏—è –≥–æ—Å–ø–∏—Ç–∞–ª–∏–∑–∞—Ü–∏–∏. –ü—Ä–∏ –ø—Ä–µ–¥—ä—è–≤–ª–µ–Ω–∏–∏ –¥–æ–∫—É–º–µ–Ω—Ç–æ–≤ –ø–æ—Å–ª–µ —Ö–æ–ª—Ç–µ—Ä–∞ –≤—ã—è—Å–Ω–∏–ª–æ—Å—å, —á—Ç–æ –Ω–µ—Ç –∑–∞–∫–ª—é—á–µ–Ω–∏—è –≤—Ä–∞—á–∞. –ü—Ä–∏ –≤—ã—è—Å–Ω–µ–Ω–∏–∏ –ø–æ —Ç–µ–ª–µ—Ñ–æ–Ω—É –≤ –∫–ª–∏–Ω–∏–∫—É –≤—ã—è—Å–Ω–∏–ª–æ—Å—å, —á—Ç–æ –º–Ω–µ, —è–∫–æ–±—ã, –ø—Ä–µ–¥–æ—Å—Ç–∞–≤–∏–ª–∏ –∏—Å—Å–ª–µ–¥–æ–≤–∞–Ω–∏–µ –≤ –ø–µ—á–∞—Ç–Ω–æ–º –≤–∏–¥–µ –Ω–∞ 15 –ª–∏—Å—Ç–∞—Ö, —Ö–æ—Ç—è –º–Ω–µ –æ—Ç–¥–∞–ª–∏ 8 –∏ —É–∂–∞—Å–Ω–æ–≥–æ –∫–∞—á–µ—Å—Ç–≤–∞ –∏–∑–æ–±—Ä–∞–∂–µ–Ω–∏—è. –†–µ–≥–∏—Å—Ç—Ä–∞—Ç–æ—Ä –Ω–∞—á–∞–ª–∞ –º–Ω–µ –≥–æ–≤–æ—Ä–∏—Ç—å, —á—Ç–æ –Ω—É–∂–Ω–æ –¥–æ–ø–æ–ª–Ω–∏—Ç–µ–ª—å–Ω–æ –∑–∞–ø–∏—Å–∞—Ç—å—Å—è –Ω–∞ –ø—Ä–∏—ë–º, —á—Ç–æ–±—ã –ø–æ–ª—É—á–∏—Ç—å –∑–∞–∫–ª—é—á–µ–Ω–∏–µ –≤—Ä–∞—á–∞. –¢–æ–≥–¥–∞ –≤ –Ω–∞—à —Ç–µ–ª–µ—Ñ–æ–Ω–Ω—ã–π –¥–∏–∞–ª–æ–≥ –≤–º–µ—à–∞–ª–∞—Å—å –≤—Ä–∞—á –∫–∞—Ä–¥–∏–æ–ª–æ–≥ –∏–∑ –æ–Ω–∫–æ–ª–æ–≥–∏—á–µ—Å–∫–æ–π –±–æ–ª—å–Ω–∏—Ü—ã –∏ –ø–æ—Å—Ç–∞–≤–∏–ª–∞ –≤—Å—ë –Ω–∞ —Å–≤–æ–∏ –º–µ—Å—Ç–∞: –º–Ω–µ –Ω–∞ —ç–ª–µ–∫—Ç—Ä–æ–Ω–Ω—É—é –ø–æ—á—Ç—É —Å–±—Ä–æ—Å–∏–ª–∏ –≤—Å—ë 15 –ª–∏—Å—Ç–æ–≤ –∏—Å—Å–ª–µ–¥–æ–≤–∞–Ω–∏—è –∏ –∑–∞–∫–ª—é—á–µ–Ω–∏–µ, –ø—Ä–∏—á–µ–º, –∏–∑–æ–±—Ä–∞–∂–µ–Ω–∏–µ –±—ã–ª–æ —á—ë—Ç–∫–∏–º. –í—ã–∑—ã–≤–∞–µ—Ç —É–¥–∏–≤–ª–µ–Ω–∏–µ, –Ω–µ–¥–æ—É–º–µ–Ω–∏–µ –∏ –≤–æ–ø—Ä–æ—Å: –†–ê–î–ò –ß–ï–ì–û –ù–ê–ö–†–£–ß–ò–í–ê–õ–û–°–¨ –†–ï–ì–ò–°–¢–†–ê–¢–û–†–û–ú –ö–õ–ò–ù–ò–ö–ò –î–û–ü–û–õ–ù–ò–¢–ï–õ–¨–ù–û–ï –ü–û–°–ï–©–ï–ù–ò–ï –ö –í–†–ê–ß–£, –ï–°–õ–ò –í–°–Å –≠–¢–û –ú–û–ñ–ù–û –ë–´–õ–û –°–î–ï–õ–ê–¢–¨ –ß–ï–†–ï–ó –≠–õ–ï–ö–¢–†–û–ù–ù–£–Æ –ü–û–ß–¢–£??? –ê –í–ï–î–¨ –Ø –ó–ê –û–ë–°–õ–ï–î–û–í–ê–ù–ò–ï –ó–ê–ü–õ–ê–¢–ò–õ–ê –û–ó–í–£–ß–ï–ù–ù–£–Æ –í–†–ê–ß–û–ú –°–£–ú–ú–£, –í –ö–û–¢–û–†–£–Æ –í–•–û–î–ò–õ–û –ò –ó–ê–ö–õ–Æ–ß–ï–ù–ò–ï –í–†–ê–ß–ê. –í–æ—Ç —ç—Ç–æ—Ç –Ω–µ–ø—Ä–∏—è—Ç–Ω—ã–π –ª—è–ø —Å–æ —Å—Ç–æ—Ä–æ–Ω—ã —Ä–µ–≥–∏—Å—Ç—Ä–∞—Ç—É—Ä—ã —Å–º–∞–∑–∞–ª –≤—Å—ë —Ö–æ—Ä–æ—à–µ–µ –≤–ø–µ—á–∞—Ç–ª–µ–Ω–∏–µ, –∏ —É–∂–µ –ø–æ—Å–µ–ª–∏–ª–æ—Å—å –Ω–µ–¥–æ–≤–µ—Ä–∏–µ –∫ —ç—Ç–æ–π –∫–ª–∏–Ω–∏–∫–µ –∏ –Ω–µ–∂–µ–ª–∞–Ω–∏–µ –ø–æ—Å–µ—â–µ–Ω–∏—è –µ—ë.",0
"–ü–æ—Å–µ—â–∞–ª –∫–ª–∏–Ω–∏–∫—É –¥–ª—è –ø—Ä–æ–≤–µ–¥–µ–Ω–∏—è –∞–Ω–∞–ª–∏–∑–∞, —Å–ø–µ—Ü–∏–∞–ª—å–Ω–æ –ø—Ä–µ–¥–≤–∞—Ä–∏—Ç–µ–ª—å–Ω–æ –ø–æ–∑–≤–æ–Ω–∏–ª –∏ —É—Ç–æ—á–Ω–∏–ª —Å—Ç–æ–∏–º–æ—Å—Ç—å –ø—Ä–æ—Ü–µ–¥—É—Ä—ã –∏ —á—Ç–æ –Ω–∏–∫–∞–∫–∏—Ö –¥–æ–ø–æ–ª–Ω–∏—Ç–µ–ª—å–Ω—ã—Ö –ø–ª–∞—Ç–µ–∂–µ–π –Ω–µ —Ç—Ä–µ–±—É–µ—Ç—Å—è. –ü–æ—Å–ª–µ –≤–∑—è—Ç–∏—è –º–∞–∑–∫–∞ –∏–∑ —É—Ä–µ—Ç—Ä—ã, —á—Ç–æ —è–≤–ª—è–µ—Ç—Å—è –∫—Ä–∞–π–Ω–µ –±–æ–ª–µ–∑–Ω–µ–Ω–Ω–æ–π –ø—Ä–æ—Ü–µ–¥—É—Ä–æ–π —Å –Ω–µ—Å–∫–æ–ª—å–∫–∏–º–∏ –¥–Ω—è–º–∏ –º–æ—á–µ–∏—Å–ø—É—Å–∫–∞–Ω–∏—è —Å –æ—Å—Ç—Ä–æ–π –±–æ–ª—å—é –æ—Ç –ø–æ–≤—Ä–µ–∂–¥–µ–Ω–∏—è —É—Ä–µ—Ç—Ä—ã –æ–Ω–∏ –∑–∞—è–≤–∏–ª–∏, —á—Ç–æ —Å—Ç–æ–∏–º–æ—Å—Ç—å –∞–Ω–∞–ª–∏–∑–∞ –≤—ã—Ä–æ—Å–ª–∞ –ø–æ—á—Ç–∏ –≤ 4 —Ä–∞–∑–∞. –ü–æ —Å—É—Ç–∏ –ø–æ–Ω–∏–º–∞—è, —á—Ç–æ –º–Ω–µ –ø—Ä–∏–¥–µ—Ç—Å—è –ø–æ–≤—Ç–æ—Ä–Ω–æ –ø—Ä–æ—Ö–æ–¥–∏—Ç—å —á–µ—Ä–µ–∑ –æ—á–µ–Ω—å –±–æ–ª–µ–∑–Ω–µ–Ω–Ω—ã–π –∞–∫—Ç –≤–∑—è—Ç–∏—è –º–∞–∑–∫–∞ –æ–Ω–∏ —Ç–∞–∫–∏–º –æ–±—Ä–∞–∑–æ–º –≤—ã—Ç—è–≥–∏–≤–∞–ª–∏ –¥–µ–Ω—å–≥–∏. –í—Ä—É—Ç –Ω–µ –º–æ—Ä–≥–Ω—É–≤ –≥–ª–∞–∑–æ–º, –±—É–¥—å—Ç–µ –ø—Ä–µ–¥–µ–ª—å–Ω–æ –æ—Å—Ç–æ—Ä–æ–∂–Ω—ã, –µ—Å–ª–∏ –Ω–∞–¥—É–º–∞–µ—Ç–µ –∫ –Ω–∏–º –æ–±—Ä–∞—Ç–∏—Ç—å—Å—è.",0
"–Ø –Ω–µ —Ö–æ—á—É –¥–∞–∂–µ –æ—Ü–µ–Ω–∏–≤–∞—Ç—å  —Ç–∞–∫–æ–≥–æ ""—Å–ø–µ—Ü–∏–∞–ª–∏—Å—Ç–∞"". –°–∏–¥–µ–ª–∞ –∏ –∏–∑–¥–µ–≤–∞–ª–∞—Å—å –ø—Ä–æ—Å—Ç–æ. –ê —è —É–∂–µ –Ω–µ –≤ —Ç–æ–º –≤–æ–∑—Ä–∞—Å—Ç–µ, —á—Ç–æ–±—ã —Å–æ –º–Ω–æ–π –≤–µ–ª–∏ —Å–µ–±—è —Ç–∞–∫–∏–º –æ–±—Ä–∞–∑–æ–º. –≠—Ç–æ –Ω–µ –≤—Ä–∞—á, –æ–Ω–∞ –Ω–µ –¥–æ—Å—Ç–æ–π–Ω–∞ —ç—Ç–æ–≥–æ –∑–≤–∞–Ω–∏—è. –Ø –∏ 5-—Ç–∏ –º–∏–Ω—É—Ç –Ω–µ –Ω–∞—Ö–æ–¥–∏–ª–∞—Å—å –≤ –∫–∞–±–∏–Ω–µ—Ç–µ. –ù–µ –æ–±—Ä–∞—â–∞–π—Ç–µ—Å—å. –ü–æ—Ç–µ—Ä—è–µ—Ç–µ –≤—Ä–µ–º—è –∏ –Ω–µ—Ä–≤—ã. –Ø –Ω–∞–ø–∏—Å–∞–ª–∞ –ø—Ä–æ –ê–≥–µ–µ–≤—É –ò—Ä–∏–Ω—É –°–µ—Ä–≥–µ–µ–≤–Ω—É.",0
"–ù–µ –ø–æ–º–æ–≥ —Ä–µ—à–∏—Ç—å –ø—Ä–æ–±–ª–µ–º—É
–ù–∞–≤—è–∑—ã–≤–∞–ª –ø–ª–∞—Ç–Ω—ã–µ —É—Å–ª—É–≥–∏
–ù–µ —Å–¥–µ–ª–∞–ª –¥–∞–∂–µ —Ñ–æ—Ä–º–∞–ª—å–Ω—É—é –≤—ã–ø–∏—Å–∫—É –æ —Å–æ—Å—Ç–æ—è–Ω–∏–∏ –∏ –Ω–µ –ø–æ—Å—Ç–∞–≤–∏–ª –¥–∏–∞–≥–Ω–æ–∑",0
"08 –∞–≤–≥—É—Å—Ç–∞ 2023–≥.,  —Å —É—Ç—Ä–∞ –æ—Ç–ø—Ä–∞–≤–∏–ª–∞ –¥–æ—á—å 16 –ª–µ—Ç, –Ω–∞ –≥–∏–≥–∏–µ–Ω–∏—á–µ—Å–∫—É—é —á–∏—Å—Ç–∫—É –∑—É–±–æ–≤, –∑–∞ 4200 —Ä—É–±., –ø—Ä–∏—à–ª–∞ –¥–æ–º–æ–π –≤ 17-00 –≤–µ—á–µ—Ä–∞, –¥–æ—á—å –ø–ª–∞—á–µ—Ç, —Ç–∞–∫ –±–æ–ª–µ–ª–∏ –¥–µ—Å–Ω–∞ –∏ –≥–æ–ª–æ–≤–∞, –ø—Ä–∏—à–ª–æ—Å—å 2 —Ä–∞–∑–∞ –ø–∏—Ç—å –∫–µ—Ç–æ–Ω–∞–ª, —Ç–∞–∫ –µ—â–µ –∏ –Ω–∏–∂–Ω–∏—é —á–∞—Å—Ç—å –ø–µ—Ä–µ–¥–Ω–µ–≥–æ –∑—É–±–∞ —Å–∫–æ–ª–æ–ª–∏, —è –≤ —à–æ–∫–µ.
–ù–∞ —Å–ª–µ–¥—É—é—â–∏–π –¥–µ–Ω—å –Ω–∞–ø–∏—Å–∞–ª–∞ –ø—Ä–µ—Ç–µ–Ω–∑–∏—é –≤ –∫–ª–∏–Ω–∏–∫—É,  –≤ –æ—Ç–≤–µ—Ç –ø–æ–ª—É—á–∏–ª–∞, —á—Ç–æ –≤—Ä–∞—á –Ω–µ —Ö–æ—á–µ—Ç –∏—Å–ø—Ä–∞–≤–ª—è—Ç—å –æ—à–∏–±–∫–∏, —Ç–∞–∫ –∫–∞–∫ –Ω–µ –¥–æ–≤–µ—Ä—è–µ—Ç —Å–µ–±–µ.
–°–µ–π—á–∞—Å –≥–æ—Ç–æ–≤–ª—é –¥–æ–∫—É–º–µ–Ω—Ç—ã –≤  —Å—É–¥.
–ò–∑—É—Ä–æ–¥–æ–≤–∞–ª–∏ –¥–æ—á–µ—Ä–∏ –ø–æ–ª–Ω–æ—Å—Ç—å—é –∑–¥–æ—Ä–æ–≤—ã–π –∑—É–±.",0
"–í—Ä–∞—á–æ–º —ç—Ç–æ–≥–æ —Ç–æ–≤–∞—Ä–∏—â–∞ —è–∑—ã–∫ –Ω–µ –ø–æ–≤–µ—Ä–Ω–µ—Ç—Å—è –Ω–∞–∑–≤–∞—Ç—å, –∞–±—Å–æ–ª—é—Ç–Ω–æ –Ω–µ–∫–æ–º–ø–µ—Ç–µ–Ω—Ç–Ω—ã–π, –¥–∞ –µ—â–µ –∏ —Ö–∞–º! –û–±—Ä–∞—Ç–∏–ª–∏—Å—å –∫ –ö–∞–ª–µ–Ω–æ–≤—É, –ø–æ—Ç–æ–º—É –∫–∞–∫ –Ω–µ–æ–±—Ö–æ–¥–∏–º –±—ã–ª –æ—Å–º–æ—Ç—Ä –ø–æ –ø–æ–≤–æ–¥—É —Ä–µ–∑—É–ª—å—Ç–∞—Ç–æ–≤ –∞–Ω–∞–ª–∏–∑–∞. –ù–∞ –≤–æ–ø—Ä–æ—Å—ã –∫–æ—Ç–æ—Ä—ã–µ –∑–∞–¥–∞–≤–∞–ª –ø–∞—Ü–∏–µ–Ω—Ç –æ—Ç–≤–µ—á–∞–ª –ø—Ä–æ—Å–º–æ—Ç—Ä–∏—Ç–µ —Å–∞–º–∏ –∏–ª–∏ –≤ –∏–Ω—Ç–µ—Ä–Ω–µ—Ç–µ! –î–ª—è —á–µ–≥–æ —Ç–æ–≥–¥–∞ –¥–∞–Ω–Ω—ã–π –≤—Ä–∞—á –∑–∞–Ω–∏–º–∞–µ—Ç —Å–≤–æ—é –¥–æ–ª–∂–Ω–æ—Å—Ç—å?–û—Å–º–æ—Ç—Ä –Ω–µ —Ö–æ—Ç–µ–ª –ø—Ä–æ–≤–æ–¥–∏—Ç—å, —Å–∫–∞–∑–∞–ª –µ—Å–ª–∏ –≤—ã —Å–∞–º–∏ –Ω–∏—á–µ–≥–æ –Ω–µ –≤–∏–¥–∏—Ç–µ,  –∑–Ω–∞—á–∏—Ç –∏ –æ–Ω –Ω–µ —É–≤–∏–¥–∏—Ç, –≤—ã–ø–∏—é—â–∞—è –Ω–µ–∫–æ–º–ø–µ—Ç–µ–Ω—Ç–Ω–æ—Å—Ç—å! –ö–∞—Å–∞–µ–º–æ –≤–æ–ø—Ä–æ—Å–æ–≤ –ø–æ –∑–¥–æ—Ä–æ–≤—å—é –Ω–µ —Å–º–æ–≥ –Ω–∏—á–µ–≥–æ –≤–Ω—è—Ç–Ω–æ —Å—Ñ–æ—Ä–º—É–ª–∏—Ä–æ–≤–∞—Ç—å! –†–µ–∑—É–ª—å—Ç–∞—Ç –≤–∏–∑–∏—Ç–∞ 0 –∏ –≤–¥–æ–±–∞–≤–æ–∫ –ø—Ä–∏–æ–±—Ä–µ—Ç—ë–Ω–Ω—ã–π —Å—Ç—Ä–µ—Å—Å!",0
"–ü—Ä–∏–π–¥—è –Ω–∞ –ø—Ä–∏–µ–º –∫ –ï–ª–µ–Ω–µ, —Å—Ä–∞–∑—É –æ—Ç–ø—Ä–∞–≤–∏–ª–∞ –≤ –¥–∏—Å–ø–∞–Ω—Å–µ—Ä –Ω–∞ —Å—Ç–∞—Ü–∏–æ–Ω–∞—Ä –¥–ª—è –ø–æ–¥–±–æ—Ä–∞ —Ç–∞–±–ª–µ—Ç–æ–∫‚Ä¶ –æ—á–µ–Ω—å –≤—Å–µ —Å—Ç—Ä–∞–Ω–Ω–æ! –í—Å–µ—Ö –ø–∏—Å–µ–º –∏–∑ –æ—á–µ—Ä–µ–¥–∏ –æ—Ç–ø—Ä–∞–≤–∏–ª–∞ —Ç—É–¥–∞! –†–∞–∑–≤–µ—Ä–Ω—É–ª–∞—Å—å –∏ —É—à–ª–∞!",0
–î–æ–∫—Ç–æ—Ä —Å—á–∏—Ç–∞–µ—Ç –¥–æ–ø—É—Å—Ç–∏–º—ã –≤ —Å–≤–æ—ë–º –∑–∞–∫–ª—é—á–µ–Ω–∏–∏ –¥–ª—è –ø–∞—Ü–∏–µ–Ω—Ç–∞ —É–∫–∞–∑–∞—Ç—å –∫–∞–∫–æ–º—É –¥–æ–∫—Ç–æ—Ä—É –Ω—É–∂–Ω–æ –ø—Ä–æ–∫–æ–Ω—Å—É–ª—å—Ç–∏—Ä–æ–≤–∞—Ç—å—Å—è –∏ —á—Ç–æ —É–∂–µ —ç—Ç–æ—Ç –¥–æ–∫—Ç–æ—Ä –∫–æ–Ω—Å—É–ª—å—Ç–∞–Ω—Ç –¥–æ–ª–∂–µ–Ω –Ω–∞–∑–Ω–∞—á–∏—Ç—å –ø–∞—Ü–∏–µ–Ω—Ç—É –∏ –≤ –∫–∞–∫–æ–π –¥–æ–∑–µ –∏ –∫—Ä–∞—Ç–Ω–æ—Å—Ç–∏.,0
"–ú–æ–µ–º—É –º—É–∂—É –ê–∫—Å–µ–Ω–æ–≤ —É–¥–∞–ª—è–ª –≥—Ä—ã–∂—É –Ω–∞ –ø–æ–∑–≤–æ–Ω–æ—á–Ω–∏–∫–µ. –ü–æ—Å–ª–µ –æ–ø–µ—Ä–∞—Ü–∏–∏ –ø–æ–∑–≤–æ–Ω–æ–∫ –≤—ã–≥–Ω—É–ª—Å—è –Ω–∞—Ä—É–∂—É, —É –º—É–∂–∞ –±—ã–ª–∏ –Ω–µ—Å—Ç–µ—Ä–ø–∏–º—ã–µ –±–æ–ª–∏, –Ω–µ –º–æ–≥ –ø–æ—Å–ª–µ –æ–ø–µ—Ä–∞—Ü–∏–∏ —Ö–æ–¥–∏—Ç—å. –í –¥—Ä—É–≥–æ–º –º–µ—Å—Ç–µ –º—É–∂–∞ –ø—Ä–æ–æ–ø–µ—Ä–∏—Ä–æ–≤–∞–ª–∏ –ø–æ–≤—Ç–æ—Ä–Ω–æ –∏ –ø–æ—Å—Ç–∞–≤–∏–ª–∏ –Ω–∞ –Ω–æ–≥–∏ ! –ê –ê–∫—Å–µ–Ω–æ–≤ –Ω–∞–º –Ω–µ –ø–æ–º–æ–≥, –∞ –Ω–∞–≤—Ä–µ–¥–∏–ª !!! –†–∞–Ω–µ–µ –æ–ø—É–±–ª–∏–∫–æ–≤—ã–≤–∞–ª–∞ –æ—Ç–∑—ã–≤ –Ω–∞ www.prodoctorov.ru —Ç–∞–∫ –ê–∫—Å–µ–Ω–æ–≤ –ø—ã—Ç–∞–ª—Å—è –æ—Å–ø–æ—Ä–∏—Ç—å‚Ä¶ –í–æ—Ç –∏ –¥—É–º–∞–π—Ç–µ!",0
"–î–æ–∫—Ç–æ—Ä—É –Ω–µ –∏–Ω—Ç–µ—Ä–µ—Å–Ω–æ –≤—ã–ª–µ—á–∏—Ç—å –ø–∞—Ü–∏–µ–Ω—Ç–∞. –ï–º—É –≥–æ—Ä–∞–∑–¥–æ –∏–Ω—Ç–µ—Ä–µ—Å–Ω–µ–µ –ø–æ–¥—Å—É–Ω—É—Ç—å –∫—É—á—É –¥–æ—Ä–æ–≥–∏—Ö –∞–Ω–∞–ª–∏–∑–æ–≤, –Ω–∞–∑–Ω–∞—á–∏—Ç—å  –ø–æ–±—ã—Å—Ç—Ä–µ–µ –Ω–æ–≤—ã–µ –ø–æ—Å–µ—â–µ–Ω–∏—è.  –ù–µ –¥–∞–µ—Ç –Ω–∏–∫–∞–∫–æ–π –∏–Ω—Ñ–æ—Ä–º–∞—Ü–∏–∏ –ø–æ –±–æ–ª–µ–∑–Ω–∏ - –º–æ–∂–µ—Ç –ø–æ–∑–∂–µ –Ω–∞ —Å–ª–µ–¥—É—é—â–∏—Ö –ø—Ä–∏–µ–º–∞—Ö —á—Ç–æ —Ç–æ –≤—ã–¥–∞—Å—Ç –∫–æ–≥–¥–∞ –æ—Å—Ç–∞–≤–∏—Ç–µ –¥–æ—Å—Ç–∞—Ç–æ—á–Ω–æ –¥–µ–Ω–µ–≥. –ù–µ —Å–æ–≤–µ—Ç—É—é. –ü–æ—Å–º–æ—Ç—Ä–∏—Ç–µ –¥—Ä—É–≥–∏—Ö –≤—Ä–∞—á–µ–π.",0
"–†–µ–≥–∏—Å—Ç—Ä–∞—Ç–æ—Ä —Å–∫–∞–∑–∞–ª–∞ —Å–µ–≥–æ–¥–Ω—è –¥–Ω–µ–º, —á—Ç–æ —É –Ω–∏—Ö –µ—Å—Ç—å —Ñ–æ–∫—É—Å–Ω–∞—è —É–¥–∞—Ä–Ω–æ –ª—É—á–µ–≤–∞—è —Ç–µ—Ä–∞–ø–∏—è –∏ –∑–∞–ø–∏—Å–∞–ª–∞ –º–µ–Ω—è –Ω–∞ 19:45 –Ω–∞ –ø—Ä–∏–µ–º –∫ –≤—Ä–∞—á—É, —Ö–æ—Ç—è –æ–Ω –º–Ω–µ –±—ã–ª –Ω–µ –Ω—É–∂–µ–Ω, —Ç–∞–∫ –∫–∞–∫ —Ä–∞–Ω–µ–µ –¥—Ä—É–≥–∏–µ –≤—Ä–∞—á–∏ –≤—ã–ø–∏—Å–∞–ª–∏ –≤—Å–µ –¥–æ–∫—É–º–µ–Ω—Ç—ã, –∏ 20:00 –Ω–∞ –£–í–¢. –Ø —Å–ø–µ—Ü–∏–∞–ª—å–Ω–æ –æ—Ç–∫–∞–∑–∞–ª—Å—è –æ—Ç –ª–µ—á–µ–Ω–∏—è –≤ –¥—Ä—É–≥–æ–π –∫–ª–∏–Ω–∏–∫–µ, –ø—Ä–æ–µ—Ö–∞–ª –ø–æ–ª –º–æ—Å–∫–≤—ã –∫ –Ω–∏–º, –∞ –≤—Ä–∞—á —Å–∫–∞–∑–∞–ª–∞, —á—Ç–æ —Ñ–æ–∫—É—Å–Ω–æ–π –£–í–¢ —É –Ω–∏—Ö –Ω–µ—Ç. –ü—ã—Ç–∞–ª–∞—Å—å —Å–¥–µ–ª–∞—Ç—å –º–Ω–µ —Ä–∞–¥–∏–∞–ª—å–Ω—É—é –£–í–¢.",0
